ID_REDFER,CODIGO_FERROVIARIO,NOMBRE,ID_DEPARTAMENTO,DEPARTAMENTO,TRAMO,SUBTRAMO,LONGITUD,ANCHO,ELECTRIFICACION,ESTADO,TITULARIDAD,ADMINISTRADOR,ES_CONCES,OBSERVACIONES,FECHA_CORTE
1,VOTMET-C,FERROCARRIL CAJAMARQUILLA - SANTA CLARA,15,LIMA,RAMAL CAJAMARQUILLA - SANTA CLARA,SANTA CLARA - CAJAMARQUILLA,6.10,Est?ndar,No electrificada,Operativo,Privada,VOTORANTIM METAIS,-1,,20221231
2,CANDINO,FERROCARRIL CARIPA - CONDORCOCHA,12,JUNIN,CARIPA - CONDORCOCHA,CARIPA - CONDORCOCHA,10.93,Est?ndar,No electrificada,Operativo,Privada,CEMENTO ANDINO S.A,-1,,20221231
3,FCCA-T1,FERROCARRIL DEL CENTRO,15,LIMA,CALLAO - LA OROYA,CALLAO- DV. CAJAMARQUILLA,21.75,Est?ndar,No electrificada,Operativo,P?blica (concesionada),FERROVIAS CENTRAL ANDINA S.A.,1,,20221231
4,FCCA-T1,FERROCARRIL DEL CENTRO,15,LIMA,CALLAO - LA OROYA,CALLAO- DV. CAJAMARQUILLA,4.04,Est?ndar,No electrificada,Operativo,P?blica (concesionada),FERROVIAS CENTRAL ANDINA S.A.,1,,20221231
5,FCCA-T1,FERROCARRIL DEL CENTRO,12,JUNIN,CALLAO - LA OROYA,CUT OFF - LA OROYA,16.01,Est?ndar,No electrificada,Operativo,P?blica (concesionada),FERROVIAS CENTRAL ANDINA S.A.,1,,20221231
6,FCCA-T1,FERROCARRIL DEL CENTRO,15,LIMA,CALLAO - LA OROYA,DV. CAJAMARQUILLA - TICLIO,102.25,Est?ndar,No electrificada,Operativo,P?blica (concesionada),FERROVIAS CENTRAL ANDINA S.A.,1,,20221231
7,FCCA-T1,FERROCARRIL DEL CENTRO,15,LIMA,CALLAO - LA OROYA,DV. CAJAMARQUILLA - TICLIO,25.63,Est?ndar,No electrificada,Operativo,P?blica (concesionada),FERROVIAS CENTRAL ANDINA S.A.,1,,20221231
8,FCCA-T1,FERROCARRIL DEL CENTRO,15,LIMA,CALLAO - LA OROYA,LIMA - DV. CAJAMARQUILLA,2.64,Est?ndar,No electrificada,Operativo,P?blica (concesionada),FERROVIAS CENTRAL ANDINA S.A.,1,,20221231
9,FCCA-T1,FERROCARRIL DEL CENTRO,12,JUNIN,CALLAO - LA OROYA,RAMAL TICLIO - CUT OFF,34.76,Est?ndar,No electrificada,Operativo,P?blica (concesionada),FERROVIAS CENTRAL ANDINA S.A.,1,,20221231
10,FCCA-T1,FERROCARRIL DEL CENTRO,12,JUNIN,CUT OFF - HUASCACOCHA (CALLAO - LA OROYA),CUTOFF - HUASCACOCHA,12.17,Est?ndar,No electrificada,Operativo,P?blica (concesionada),FERROVIAS CENTRAL ANDINA S.A.,1,,20221231
11,FCCA-T2,FERROCARRIL DEL CENTRO,12,JUNIN,LA OROYA - CERRO DE PASCO,RAMAL LA OROYA - CERRO DE PASCO,85.98,Est?ndar,No electrificada,Operativo,P?blica (concesionada),FERROVIAS CENTRAL ANDINA S.A.,1,,20221231
12,FCCA-T2,FERROCARRIL DEL CENTRO,19,PASCO,LA OROYA - CERRO DE PASCO,RAMAL LA OROYA - CERRO DE PASCO,44.38,Est?ndar,No electrificada,Operativo,P?blica (concesionada),FERROVIAS CENTRAL ANDINA S.A.,1,,20221231
13,FCCA-T3,FERROCARRIL DEL CENTRO,12,JUNIN,LA OROYA - HUANCAYO,LA OROYA - PACHACAYO,40.96,Est?ndar,No electrificada,Operativo,P?blica (concesionada),FERROVIAS CENTRAL ANDINA S.A.,1,,20221231
14,FCCA-T3,FERROCARRIL DEL CENTRO,12,JUNIN,LA OROYA - HUANCAYO,PACHACAYO - SAUSA,38.55,Est?ndar,No electrificada,Operativo,P?blica (concesionada),FERROVIAS CENTRAL ANDINA S.A.,1,,20221231
15,FCCA-T3,FERROCARRIL DEL CENTRO,12,JUNIN,LA OROYA - HUANCAYO,SAUSA - HUANCAYO,44.86,Est?ndar,No electrificada,Operativo,P?blica (concesionada),FERROVIAS CENTRAL ANDINA S.A.,1,,20221231
16,FTRAN-T1,FERROCARRIL DEL SUR,21,PUNO,AREQUIPA - JULIACA,JULIACA -AREQUIPA,121.16,Est?ndar,No electrificada,Operativo,P?blica (concesionada),FERROCARRIL TRASANDINO S.A.,1,,20221231
17,FTRAN-T1,FERROCARRIL DEL SUR,04,AREQUIPA,AREQUIPA - JULIACA,JULIACA -AREQUIPA,95.68,Est?ndar,No electrificada,Operativo,P?blica (concesionada),FERROCARRIL TRASANDINO S.A.,1,,20221231
18,FTRAN-T1,FERROCARRIL DEL SUR,04,AREQUIPA,AREQUIPA - JULIACA,JULIACA -AREQUIPA,87.99,Est?ndar,No electrificada,Operativo,P?blica (concesionada),FERROCARRIL TRASANDINO S.A.,1,,20221231
19,FTRAN-T1,FERROCARRIL DEL SUR,04,AREQUIPA,EMPALME - MOLLENDO,RAMAL EMPALME - MOLLENDO,17.93,Est?ndar,No electrificada,Operativo,P?blica (concesionada),FERROCARRIL TRASANDINO S.A.,1,,20221231
20,FTRAN-T3,FERROCARRIL DEL SUR,21,PUNO,JULIACA - CUSCO,CUSCO - JULIACA,159.41,Est?ndar,No electrificada,Operativo,P?blica (concesionada),FERROCARRIL TRASANDINO S.A.,1,,20221231
21,FTRAN-T3,FERROCARRIL DEL SUR,08,CUSCO,JULIACA - CUSCO,CUSCO - JULIACA,50.65,Est?ndar,No electrificada,Operativo,P?blica (concesionada),FERROCARRIL TRASANDINO S.A.,1,,20221231
22,FTRAN-T3,FERROCARRIL DEL SUR,08,CUSCO,JULIACA - CUSCO,CUSCO - JULIACA,128.95,Est?ndar,No electrificada,Operativo,P?blica (concesionada),FERROCARRIL TRASANDINO S.A.,1,,20221231
23,FTRAN-T2,FERROCARRIL DEL SUR,21,PUNO,JULIACA - PUNO,RAMAL JULIACA - PUNO,48.79,Est?ndar,No electrificada,Operativo,P?blica (concesionada),FERROCARRIL TRASANDINO S.A.,1,,20221231
24,FTRAN-T1,FERROCARRIL DEL SUR,04,AREQUIPA,MATARANI - AREQUIPA,AREQUIPA - LA JOYA,83.03,Est?ndar,No electrificada,Operativo,P?blica (concesionada),FERROCARRIL TRASANDINO S.A.,1,,20221231
25,FTRAN-T1,FERROCARRIL DEL SUR,04,AREQUIPA,MATARANI - AREQUIPA,LA JOYA - PUERTO MATARANI,61.24,Est?ndar,No electrificada,Operativo,P?blica (concesionada),FERROCARRIL TRASANDINO S.A.,1,,20221231
26,FTRAN-T4,FERROCARRIL DEL SUR ORIENTE,08,CUSCO,CUSCO - HIDROEL?CTRICA,CUSCO - PACHAR,59.79,Angosta,No electrificada,Operativo,P?blica (concesionada),FERROCARRIL TRASANDINO S.A.,1,,20221231
27,FTRAN-T6,FERROCARRIL DEL SUR ORIENTE,08,CUSCO,CUSCO - HIDROEL?CTRICA,MACHUCCPICHU - HIDROELECTRICA,8.38,Est?ndar,No electrificada,Operativo,P?blica (concesionada),FERROCARRIL TRASANDINO S.A.,1,,20221231
28,FTRAN-T4,FERROCARRIL DEL SUR ORIENTE,08,CUSCO,CUSCO - HIDROEL?CTRICA,PACHAR-MACHUPICCHU,50.19,Angosta,No electrificada,Operativo,P?blica (concesionada),FERROCARRIL TRASANDINO S.A.,1,,20221231
29,FTRAN-T5,FERROCARRIL DEL SUR ORIENTE,08,CUSCO,PACHAR - URUBAMBA,RAMAL PACHAR - URUBAMBA,13.24,Angosta,No electrificada,Operativo,P?blica (concesionada),FERROCARRIL TRASANDINO S.A.,1,,20221231
30,FHYO-HVCA,FERROCARRIL HUANCAYO - HUANCAVELICA,09,HUANCAVELICA,HUANCAYO - HUANCAVELICA,HUANCAYO - HUANCAVELICA,90.32,Est?ndar,No electrificada,Operativo,P?blica,MINISTERIO DE TRANSPORTES Y COMUNICACIONES,0,,20221231
31,FHYO-HVCA,FERROCARRIL HUANCAYO - HUANCAVELICA,12,JUNIN,HUANCAYO - HUANCAVELICA,HUANCAYO - HUANCAVELICA,37.15,Est?ndar,No electrificada,Operativo,P?blica,MINISTERIO DE TRANSPORTES Y COMUNICACIONES,0,,20221231
32,FSPCC,FERROCARRIL SOUTHERN PERU COPPER CORP.,18,MOQUEGUA,EL SARGENTO - CUAJONE,TOQUEPALA - BOTIFLACA,28.99,Est?ndar,No electrificada,Operativo,Privada,SOUTHERN PERU COPPER CORPORATION,-1,,20221231
33,FSPCC,FERROCARRIL SOUTHERN PERU COPPER CORP.,18,MOQUEGUA,EL SARGENTO - CUAJONE,TOQUEPALA - BOTIFLACA,7.93,Est?ndar,No electrificada,Operativo,Privada,SOUTHERN PERU COPPER CORPORATION,-1,,20221231
34,FSPCC,FERROCARRIL SOUTHERN PERU COPPER CORPORATION,18,MOQUEGUA,ILO - TOQUEPALA,FUNDICI?N DE ILO - ILO,17.14,Est?ndar,No electrificada,Operativo,Privada,SOUTHERN PERU COPPER CORPORATION,-1,,20221231
35,FSPCC,FERROCARRIL SOUTHERN PERU COPPER CORPORATION,18,MOQUEGUA,ILO - TOQUEPALA,ILO - TOQUEPALA,126.99,Est?ndar,No electrificada,Operativo,Privada,SOUTHERN PERU COPPER CORPORATION,-1,,20221231
36,FSPCC,FERROCARRIL SOUTHERN PERU COPPER CORPORATION,18,MOQUEGUA,ILO - TOQUEPALA,ILO - TOQUEPALA,49.25,Est?ndar,No electrificada,Operativo,Privada,SOUTHERN PERU COPPER CORPORATION,-1,,20221231
37,FGR-TA,FERROCARRIL TACNA - ARICA,23,TACNA,TACNA - ARICA,TACNA - ARICA,54.46,Est?ndar,No electrificada,Operativo,P?blica,GOBIERNO REGIONAL TACNA,0,,20221231
38,FGR-TA,FERROCARRIL TACNA - ARICA,23,TACNA,TACNA - ARICA,TACNA - ARICA,7.48,Est?ndar,No electrificada,Operativo,P?blica,GOBIERNO REGIONAL TACNA,0,,20221231
39,FML-L1T2,RED B?SICA DEL METRO DE LIMA - L?NEA 1,15,LIMA,GRAU - BAY?VAR,AV. GRAU - BAY?VAR (SAN JUAN DE LURIGANCHO),12.52,Est?ndar,Electrificada,Operativo,P?blica (concesionada),GYM FERROV?AS S.A.,1,,20221231
40,FML-L1T1,RED B?SICA DEL METRO DE LIMA - L?NEA 1,15,LIMA,VILLA SALVADOR - MIGUEL GRAU,ATOCONGO ? AV. GRAU,12.16,Est?ndar,Electrificada,Operativo,P?blica (concesionada),GYM FERROV?AS S.A.,1,,20221231
41,FML-L1T1,RED B?SICA DEL METRO DE LIMA - L?NEA 1,15,LIMA,VILLA SALVADOR - MIGUEL GRAU,VILLA SALVADOR - ATOCONGO,9.27,Est?ndar,Electrificada,Operativo,P?blica (concesionada),GYM FERROV?AS S.A.,1,,20221231
42,VOTMET-C,Ferrocarril Cajamarquilla - Santa Clara,15,LIMA,Ramal Cajamarquilla - Santa Clara,Santa Clara - Cajamarquilla,6.10,Est?ndar,No electrificada,Operativo,Privada,Votorantim Metais,-1,,20231231
43,VOTMET-C,Ferrocarril Cajamarquilla - Santa Clara,15,LIMA,Ramal Cajamarquilla - Santa Clara,Santa Clara - Cajamarquilla,0.23,Est?ndar,No electrificada,Operativo,Privada,Votorantim Metais,-1,,20231231
44,CANDINO,Ferrocarril Caripa - Condorcocha,12,JUNIN,Caripa - Condorcocha,Caripa - Condorcocha,10.93,Est?ndar,No electrificada,Operativo,Privada,Cemento Andino S.A,-1,,20231231
45,FCCA-T1,Ferrocarril del Centro,15,LIMA,Callao - La Oroya,Callao- Dv. Cajamarquilla,14.71,Est?ndar,No electrificada,Operativo,P?blica (concesionada),Ferrovias Central Andina S.A.,1,,20231231
46,FCCA-T1,Ferrocarril del Centro,15,LIMA,Callao - La Oroya,Callao- Dv. Cajamarquilla,1.30,Est?ndar,No electrificada,Operativo,P?blica (concesionada),Ferrovias Central Andina S.A.,1,,20231231
47,FCCA-T1,Ferrocarril del Centro,15,LIMA,Callao - La Oroya,Callao- Dv. Cajamarquilla,11.75,Est?ndar,No electrificada,Operativo,P?blica (concesionada),Ferrovias Central Andina S.A.,1,,20231231
48,FCCA-T1,Ferrocarril del Centro,12,JUNIN,Callao - La Oroya,Cut Off - La Oroya,16.33,Est?ndar,No electrificada,Operativo,P?blica (concesionada),Ferrovias Central Andina S.A.,1,,20231231
49,FCCA-T1,Ferrocarril del Centro,15,LIMA,Callao - La Oroya,Dv. Cajamarquilla - Ticlio,71.19,Est?ndar,No electrificada,Operativo,P?blica (concesionada),Ferrovias Central Andina S.A.,1,,20231231
50,FCCA-T1,Ferrocarril del Centro,15,LIMA,Callao - La Oroya,Dv. Cajamarquilla - Ticlio,27.30,Est?ndar,No electrificada,Operativo,P?blica (concesionada),Ferrovias Central Andina S.A.,1,,20231231
51,FCCA-T1,Ferrocarril del Centro,15,LIMA,Callao - La Oroya,Dv. Cajamarquilla - Ticlio,18.07,Est?ndar,No electrificada,Operativo,P?blica (concesionada),Ferrovias Central Andina S.A.,1,,20231231
52,FCCA-T1,Ferrocarril del Centro,15,LIMA,Callao - La Oroya,Dv. Cajamarquilla - Ticlio,18.02,Est?ndar,No electrificada,Operativo,P?blica (concesionada),Ferrovias Central Andina S.A.,1,,20231231
53,FCCA-T1,Ferrocarril del Centro,15,LIMA,Callao - La Oroya,Lima - Dv. Cajamarquilla,2.64,Est?ndar,No electrificada,Operativo,P?blica (concesionada),Ferrovias Central Andina S.A.,1,,20231231
54,FCCA-T1,Ferrocarril del Centro,12,JUNIN,Callao - La Oroya,Ramal Ticlio - Cut Off,34.76,Est?ndar,No electrificada,Operativo,P?blica (concesionada),Ferrovias Central Andina S.A.,1,,20231231
55,FCCA-T1,Ferrocarril del Centro,12,JUNIN,Cut Off - Huascacocha,Cut Off - Huascacocha,19.35,Est?ndar,No electrificada,Operativo,P?blica (concesionada),Ferrovias Central Andina S.A.,1,,20231231
56,FCCA-T2,Ferrocarril del Centro,12,JUNIN,La Oroya - Huancayo,La Oroya - Pachacayo,41.27,Est?ndar,No electrificada,Operativo,P?blica (concesionada),Ferrovias Central Andina S.A.,1,,20231231
57,FCCA-T2,Ferrocarril del Centro,12,JUNIN,La Oroya - Huancayo,Pachacayo - Sausa,36.71,Est?ndar,No electrificada,Operativo,P?blica (concesionada),Ferrovias Central Andina S.A.,1,,20231231
58,FCCA-T2,Ferrocarril del Centro,12,JUNIN,La Oroya - Huancayo,Pachacayo - Sausa,2.17,Est?ndar,No electrificada,Operativo,P?blica (concesionada),Ferrovias Central Andina S.A.,1,,20231231
59,FCCA-T2,Ferrocarril del Centro,12,JUNIN,La Oroya - Huancayo,Sausa - Huancayo,44.82,Est?ndar,No electrificada,Operativo,P?blica (concesionada),Ferrovias Central Andina S.A.,1,,20231231
60,FCCA-T3,Ferrocarril del Centro,12,JUNIN,Ramal La Oroya - Cerro de Pasco,Ramal La Oroya - Cerro de Pasco,86.23,Est?ndar,No electrificada,Operativo,P?blica (concesionada),Ferrovias Central Andina S.A.,1,,20231231
61,FCCA-T3,Ferrocarril del Centro,19,PASCO,Ramal La Oroya - Cerro de Pasco,Ramal La Oroya - Cerro de Pasco,44.38,Est?ndar,No electrificada,Operativo,P?blica (concesionada),Ferrovias Central Andina S.A.,1,,20231231
62,FTRAN-T1,Ferrocarril del Sur,21,PUNO,Arequipa - Juliaca,Juliaca - Arequipa,121.16,Est?ndar,No electrificada,Operativo,P?blica (concesionada),Ferrocarril Trasandino S.A.,1,,20231231
63,FTRAN-T1,Ferrocarril del Sur,04,AREQUIPA,Arequipa - Juliaca,Juliaca - Arequipa,95.68,Est?ndar,No electrificada,Operativo,P?blica (concesionada),Ferrocarril Trasandino S.A.,1,,20231231
64,FTRAN-T1,Ferrocarril del Sur,04,AREQUIPA,Arequipa - Juliaca,Juliaca - Arequipa,87.99,Est?ndar,No electrificada,Operativo,P?blica (concesionada),Ferrocarril Trasandino S.A.,1,,20231231
65,FTRAN-T1,Ferrocarril del Sur,04,AREQUIPA,Empalme - Mollendo,Ramal Empalme - Mollendo,17.93,Est?ndar,No electrificada,Operativo,P?blica (concesionada),Ferrocarril Trasandino S.A.,1,,20231231
66,FTRAN-T3,Ferrocarril del Sur,21,PUNO,Juliaca - Cusco,Juliaca - La Raya,159.41,Est?ndar,No electrificada,Operativo,P?blica (concesionada),Ferrocarril Trasandino S.A.,1,,20231231
67,FTRAN-T3,Ferrocarril del Sur,08,CUSCO,Juliaca - Cusco,La Raya - San Pablo,50.65,Est?ndar,No electrificada,Operativo,P?blica (concesionada),Ferrocarril Trasandino S.A.,1,,20231231
68,FTRAN-T3,Ferrocarril del Sur,08,CUSCO,Juliaca - Cusco,San Pablo - Wanchaq (Cusco),128.94,Est?ndar,No electrificada,Operativo,P?blica (concesionada),Ferrocarril Trasandino S.A.,1,,20231231
69,FTRAN-T3,Ferrocarril del Sur,08,CUSCO,Juliaca - Cusco,Wanchaq - Cusco,0.45,Est?ndar,No electrificada,Operativo,P?blica (concesionada),Ferrocarril Trasandino S.A.,1,,20231231
70,FTRAN-T2,Ferrocarril del Sur,21,PUNO,Juliaca - Puno,Ramal Juliaca - Puno,48.79,Est?ndar,No electrificada,Operativo,P?blica (concesionada),Ferrocarril Trasandino S.A.,1,,20231231
71,FTRAN-T1,Ferrocarril del Sur,04,AREQUIPA,Matarani - Arequipa,La Joya - Arequipa,83.03,Est?ndar,No electrificada,Operativo,P?blica (concesionada),Ferrocarril Trasandino S.A.,1,,20231231
72,FTRAN-T1,Ferrocarril del Sur,04,AREQUIPA,Matarani - Arequipa,Puerto Matarani - La Joya,61.68,Est?ndar,No electrificada,Operativo,P?blica (concesionada),Ferrocarril Trasandino S.A.,1,,20231231
73,FTRAN-T6,Ferrocarril del Sur Oriente,08,CUSCO,Cusco - Hidroel?ctrica,Machu Picchu - Hidroel?ctrica,8.38,Angosta,No electrificada,Operativo,P?blica (concesionada),Ferrocarril Trasandino S.A.,1,,20231231
74,FTRAN-T4,Ferrocarril del Sur Oriente,08,CUSCO,Cusco - Hidroel?ctrica,Pachar - Machupicchu,50.18,Angosta,No electrificada,Operativo,P?blica (concesionada),Ferrocarril Trasandino S.A.,1,,20231231
75,FTRAN-T4,Ferrocarril del Sur Oriente,08,CUSCO,Cusco - Hidroel?ctrica,Wanchaq (Cusco) - Pachar,59.79,Angosta,No electrificada,Operativo,P?blica (concesionada),Ferrocarril Trasandino S.A.,1,,20231231
76,FTRAN-T5,Ferrocarril del Sur Oriente,08,CUSCO,Pachar - Urubamba (Ramal),Ramal Pachar - Urubamba,13.29,Angosta,No electrificada,Operativo,P?blica (concesionada),Ferrocarril Trasandino S.A.,1,,20231231
77,FHYO-HVCA,Ferrocarril Huancayo - Huancavelica,09,HUANCAVELICA,Huancayo - Huancavelica,Huancayo - Parco,90.68,Est?ndar,No electrificada,Operativo,P?blica,Ministerio de Transportes y Comunicaciones,0,,20231231
78,FHYO-HVCA,Ferrocarril Huancayo - Huancavelica,12,JUNIN,Huancayo - Huancavelica,Parco - Huancavelica,37.15,Est?ndar,No electrificada,Operativo,P?blica,Ministerio de Transportes y Comunicaciones,0,,20231231
79,FSPCC,Ferrocarril Southern Peru Copper Corp.,18,MOQUEGUA,El Sargento - Cuajone,Toquepala - Botiflaca,28.95,Est?ndar,No electrificada,Operativo,Privada,Southern Peru Copper Corporation,-1,,20231231
80,FSPCC,Ferrocarril Southern Peru Copper Corporation,18,MOQUEGUA,Ilo - Toquepala,Dv. Moquegua - Toquepala,120.99,Est?ndar,No electrificada,Operativo,Privada,Southern Peru Copper Corporation,-1,,20231231
81,FSPCC,Ferrocarril Southern Peru Copper Corporation,18,MOQUEGUA,Ilo - Toquepala,Fundici?n de Ilo - Patio Puerto,17.14,Est?ndar,No electrificada,Operativo,Privada,Southern Peru Copper Corporation,-1,,20231231
82,FSPCC,Ferrocarril Southern Peru Copper Corporation,18,MOQUEGUA,Ilo - Toquepala,Patio Puerto - Dv. Moquegua,49.27,Est?ndar,No electrificada,Operativo,Privada,Southern Peru Copper Corporation,-1,,20231231
83,FGR-TA,Ferrocarril Tacna - Arica,23,TACNA,Tacna - Arica,Tacna - Arica,40.85,Est?ndar,No electrificada,Operativo,P?blica,Gobierno Regional Tacna,0,,20231231
84,FGR-TA,Ferrocarril Tacna - Arica,23,TACNA,Tacna - Arica,Tacna - Arica,19.29,Est?ndar,No electrificada,Operativo,P?blica,Gobierno Regional Tacna,0,,20231231
85,FML-L1T2,Sistema El?ctrico de Transporte Masivo - L?nea 1,15,LIMA,Grau - Bay?var,Av. Grau - Bay?var (San Juan de Lurigancho),12.81,Est?ndar,Electrificada,Operativo,P?blica (concesionada),Tren Urbano de Lima S.A.,1,,20231231
86,FML-L1T1,Sistema El?ctrico de Transporte Masivo - L?nea 1,15,LIMA,Villa El Salvador - Miguel Grau,Atocongo ? Av. Grau,12.16,Est?ndar,Electrificada,Operativo,P?blica (concesionada),Tren Urbano de Lima S.A.,1,,20231231
87,FML-L1T1,Sistema El?ctrico de Transporte Masivo - L?nea 1,15,LIMA,Villa El Salvador - Miguel Grau,Villa Salvador - Atocongo,9.67,Est?ndar,Electrificada,Operativo,P?blica (concesionada),Tren Urbano de Lima S.A.,1,,20231231
88,FML-L2,Sistema El?ctrico de Transporte Masivo - L?nea 2,15,LIMA,Mercado Santa Anita - Evitamiento,Ate - Callao,4.15,Est?ndar,Electrificada,Operativo,P?blica (concesionada),Sociedad Concesionaria Metro de Lima L?nea 2 S.A.,1,,20231231
89,FCCA-T1,Ferrocarril del Centro,12,JUNIN,Callao - La Oroya,Ticlio - Cut Off,18.9,EST?NDAR,NO ELECTRIFICADA,Operativo,P?blica (concesionada),Ferrovias Central Andina S.A.,1,"Para la longitud total de la red, considerar el valor de longitud del tramo",20241231
90,FCCA-T1,Ferrocarril del Centro,12,JUNIN,Callao - La Oroya,Cut Off - La Oroya,14.96,EST?NDAR,NO ELECTRIFICADA,Operativo,P?blica (concesionada),Ferrovias Central Andina S.A.,1,"Para la longitud total de la red, considerar el valor de longitud del tramo",20241231
91,FCCA-T2,Ferrocarril del Centro,12,JUNIN,La Oroya - Huancayo,La Oroya - Pachacayo,40.07,EST?NDAR,NO ELECTRIFICADA,Operativo,P?blica (concesionada),Ferrovias Central Andina S.A.,1,"Para la longitud total de la red, considerar el valor de longitud del tramo",20241231
92,FCCA-T2,Ferrocarril del Centro,12,JUNIN,La Oroya - Huancayo,Pachacayo - Sausa,28.31,EST?NDAR,NO ELECTRIFICADA,Operativo,P?blica (concesionada),Ferrovias Central Andina S.A.,1,"Para la longitud total de la red, considerar el valor de longitud del tramo",20241231
93,FCCA-T2,Ferrocarril del Centro,12,JUNIN,La Oroya - Huancayo,Sausa - Huancayo,41.17,EST?NDAR,NO ELECTRIFICADA,Operativo,P?blica (concesionada),Ferrovias Central Andina S.A.,1,"Para la longitud total de la red, considerar el valor de longitud del tramo",20241231
94,FHYO-HVCA,Ferrocarril Huancayo - Huancavelica,09,HUANCAVELICA,Huancayo - Huancavelica,Chilca - Parco,90.98,EST?NDAR,NO ELECTRIFICADA,Operativo,P?blica,Ministerio de Transportes y Comunicaciones,0,"Para la longitud total de la red, considerar el valor de longitud del tramo",20241231
95,FTRAN-T3,Ferrocarril del Sur,21,PUNO,Juliaca - Cusco,Juliaca - La Raya,159.13,EST?NDAR,NO ELECTRIFICADA,Operativo,P?blica (concesionada),Ferrocarril Trasandino S.A.,1,"Para la longitud total de la red, considerar el valor de longitud del tramo",20241231
96,FTRAN-T2,Ferrocarril del Sur,21,PUNO,Juliaca - Puno,Juliaca - Puno,47,EST?NDAR,NO ELECTRIFICADA,Operativo,P?blica (concesionada),Ferrocarril Trasandino S.A.,1,"Para la longitud total de la red, considerar el valor de longitud del tramo",20241231
97,FTRAN-T1,Ferrocarril del Sur,04,AREQUIPA,Matarani - Arequipa,Puerto Matarani - La Joya,55.27,EST?NDAR,NO ELECTRIFICADA,Operativo,P?blica (concesionada),Ferrocarril Trasandino S.A.,1,"Para la longitud total de la red, considerar el valor de longitud del tramo",20241231
98,FSPCC,Ferrocarril Southern Peru Copper Corporation,18,MOQUEGUA,Ilo - Toquepala,Fundici?n de Ilo - Patio Puerto,16.462,EST?NDAR,NO ELECTRIFICADA,Operativo,Privada,Southern Peru Copper Corporation,-1,"Para la longitud total de la red, considerar el valor de longitud del tramo",20241231
99,FGR-TA,Ferrocarril Tacna - Arica,23,TACNA,Tacna - Arica,Tacna - Arica,40.55,EST?NDAR,NO ELECTRIFICADA,Operativo,P?blica,Gobierno Regional Tacna,0,"Para la longitud total de la red, considerar el valor de longitud del tramo",20241231
100,FGR-TA,Ferrocarril Tacna - Arica,23,TACNA,Tacna - Arica,Tacna - Arica,19.45,EST?NDAR,NO ELECTRIFICADA,Operativo,P?blica,Gobierno Regional Tacna,0,"Para la longitud total de la red, considerar el valor de longitud del tramo",20241231
101,VOTMET-C,Ferrocarril Cajamarquilla - Santa Clara,15,LIMA,Ramal Cajamarquilla - Santa Clara,Santa Clara - Cajamarquilla,7.3,EST?NDAR,NO ELECTRIFICADA,Operativo,Privada,Votorantim Metais,-1,"Para la longitud total de la red, considerar el valor de longitud del tramo",20241231
102,FCCA-T1,Ferrocarril del Centro,15,LIMA,Callao - La Oroya,Callao- Dv. Cajamarquilla,15.76,EST?NDAR,NO ELECTRIFICADA,Operativo,P?blica (concesionada),Ferrovias Central Andina S.A.,1,"Para la longitud total de la red, considerar el valor de longitud del tramo",20241231
103,FTRAN-T1,Ferrocarril del Sur,04,AREQUIPA,Empalme - Mollendo,Ramal Empalme - Mollendo,18,EST?NDAR,NO ELECTRIFICADA,Operativo,P?blica (concesionada),Ferrocarril Trasandino S.A.,1,"Para la longitud total de la red, considerar el valor de longitud del tramo",20241231
104,FTRAN-T4,Ferrocarril del Sur Oriente,08,CUSCO,Cusco - Hidroel?ctrica,Wanchaq (Cusco) - Pachar,41.52,ANGOSTA,NO ELECTRIFICADA,Operativo,P?blica (concesionada),Ferrocarril Trasandino S.A.,1,"Para la longitud total de la red, considerar el valor de longitud del tramo",20241231
105,FTRAN-T5,Ferrocarril del Sur Oriente,08,CUSCO,Pachar - Urubamba (Ramal),Pachar - Urubamba,13.2,ANGOSTA,NO ELECTRIFICADA,Operativo,P?blica (concesionada),Ferrocarril Trasandino S.A.,1,"Para la longitud total de la red, considerar el valor de longitud del tramo",20241231
106,FTRAN-T6,Ferrocarril del Sur Oriente,08,CUSCO,Cusco - Hidroel?ctrica,Machuccpichu - Hidroel?ctrica,11.2,ANGOSTA,NO ELECTRIFICADA,Operativo,P?blica (concesionada),Ferrocarril Trasandino S.A.,1,"Para la longitud total de la red, considerar el valor de longitud del tramo",20241231
107,CANDINO,Ferrocarril Caripa - Condorcocha,12,JUNIN,Caripa - Condorcocha,Caripa - Condorcocha,13.6,EST?NDAR,NO ELECTRIFICADA,Operativo,Privada,Uni?n Andina de Cementos S.AA.,-1,"Para la longitud total de la red, considerar el valor de longitud del tramo",20241231
108,FSPCC,Ferrocarril Southern Peru Copper Corp.,18,MOQUEGUA,El Sargento - Cuajone,El Sargento - Cuajone,22.2,EST?NDAR,NO ELECTRIFICADA,Operativo,Privada,Southern Peru Copper Corporation,-1,"Para la longitud total de la red, considerar el valor de longitud del tramo",20241231
109,FCME-P1,Ferrocarril Metalurgia,12,JUNIN,Patio 1:  Fundici?n,Patios,1.556,EST?NDAR,NO ELECTRIFICADA,Operativo,Privada,Metalurgia Business S.A.,-1,"Para la longitud total de la red, considerar el valor de longitud del tramo",20241231
110,FTRAN-T1,Ferrocarril del Sur,21,PUNO,Arequipa - Juliaca,Juliaca -arequipa,120.244,EST?NDAR,NO ELECTRIFICADA,Operativo,P?blica (concesionada),Ferrocarril Trasandino S.A.,1,"Para la longitud total de la red, considerar el valor de longitud del tramo",20241231
111,FTRAN-T4,Ferrocarril del Sur Oriente,08,CUSCO,Cusco - Hidroel?ctrica,Pachar - Machupicchu,48.77,ANGOSTA,NO ELECTRIFICADA,Operativo,P?blica (concesionada),Ferrocarril Trasandino S.A.,1,"Para la longitud total de la red, considerar el valor de longitud del tramo",20241231
112,FML-L1T1,Sistema El?ctrico de Transporte Masivo - L?nea 1,15,LIMA,Villa Salvador - Miguel Grau,Atocongo ? Av. Grau,12.162,EST?NDAR,ELECTRIFICADA,Operativo,P?blica (concesionada),Tren Urbano de Lima S.A.,1,"Para la longitud total de la red, considerar el valor de longitud del tramo",20241231
113,FML-L1T1,Sistema El?ctrico de Transporte Masivo - L?nea 1,15,LIMA,Villa Salvador - Miguel Grau,Villa Salvador - Atocongo,8.726,EST?NDAR,ELECTRIFICADA,Operativo,P?blica (concesionada),Tren Urbano de Lima S.A.,1,"Para la longitud total de la red, considerar el valor de longitud del tramo",20241231
114,FML-L1T2,Sistema El?ctrico de Transporte Masivo - L?nea 1,15,LIMA,Grau - Bay?var,Av. Grau - Bay?var (san Juan De Lurigancho),12.239,EST?NDAR,ELECTRIFICADA,Operativo,P?blica (concesionada),Tren Urbano de Lima S.A.,1,"Para la longitud total de la red, considerar el valor de longitud del tramo",20241231
115,FTRAN-T1,Ferrocarril del Sur,04,AREQUIPA,Matarani - Arequipa,La Joya - Arequipa,44.75,EST?NDAR,NO ELECTRIFICADA,Operativo,P?blica (concesionada),Ferrocarril Trasandino S.A.,1,"Para la longitud total de la red, considerar el valor de longitud del tramo",20241231
116,FTRAN-T1,Ferrocarril del Sur,04,AREQUIPA,Arequipa - Juliaca,Arequipa - Juliaca,94.09,EST?NDAR,NO ELECTRIFICADA,Operativo,P?blica (concesionada),Ferrocarril Trasandino S.A.,1,"Para la longitud total de la red, considerar el valor de longitud del tramo",20241231
117,FCCA-T1,Ferrocarril del Centro,15,LIMA,Callao - La Oroya,Dv. Cajamarquilla - Ticlio,24.32,EST?NDAR,NO ELECTRIFICADA,Operativo,P?blica (concesionada),Ferrovias Central Andina S.A.,1,"Para la longitud total de la red, considerar el valor de longitud del tramo",20241231
118,FSPCC,Ferrocarril Southern Peru Copper Corporation,18,MOQUEGUA,Ilo - Toquepala,Dv. Moquegua - Toquepala,95.322,EST?NDAR,NO ELECTRIFICADA,Operativo,Privada,Southern Peru Copper Corporation,-1,"Para la longitud total de la red, considerar el valor de longitud del tramo",20241231
119,FCCA-T3,Ferrocarril del Centro,19,PASCO,La Oroya - Cerro de Pasco,Ramal La Oroya - Cerro de Pasco,38.44,EST?NDAR,NO ELECTRIFICADA,Operativo,P?blica (concesionada),Ferrovias Central Andina S.A.,1,"Para la longitud total de la red, considerar el valor de longitud del tramo",20241231
120,FTRAN-T3,Ferrocarril del Sur,08,CUSCO,Juliaca - Cusco,La Raya - San Pablo,20.86,EST?NDAR,NO ELECTRIFICADA,Operativo,P?blica (concesionada),Ferrocarril Trasandino S.A.,1,"Para la longitud total de la red, considerar el valor de longitud del tramo",20241231
121,FTRAN-T3,Ferrocarril del Sur,08,CUSCO,Juliaca - Cusco,San Pablo - Wanchaq (Cusco),128.65,EST?NDAR,NO ELECTRIFICADA,Operativo,P?blica (concesionada),Ferrocarril Trasandino S.A.,1,"Para la longitud total de la red, considerar el valor de longitud del tramo",20241231
122,FTRAN-T3,Ferrocarril del Sur,08,CUSCO,Juliaca - Cusco,Wanchaq - Cusco,0.45,EST?NDAR,NO ELECTRIFICADA,Operativo,P?blica (concesionada),Ferrocarril Trasandino S.A.,1,,20241231
123,FCCA-T1,Ferrocarril del Centro,07,CALLAO,Callao - La Oroya,Callao- Dv. Cajamarquilla,0.91,EST?NDAR,NO ELECTRIFICADA,Operativo,P?blica (concesionada),Ferrovias Central Andina S.A.,1,"Para la longitud total de la red, considerar el valor de longitud del tramo",20241231
124,FCCA-T1,Ferrocarril del Centro,15,LIMA,Callao - La Oroya,Dv. Cajamarquilla - Ticlio,21.43,EST?NDAR,NO ELECTRIFICADA,Operativo,P?blica (concesionada),Ferrovias Central Andina S.A.,1,"Para la longitud total de la red, considerar el valor de longitud del tramo",20241231
125,FCCA-T1,Ferrocarril del Centro,15,LIMA,Callao - La Oroya,Dv. Cajamarquilla - Ticlio,18.43,EST?NDAR,NO ELECTRIFICADA,Operativo,P?blica (concesionada),Ferrovias Central Andina S.A.,1,"Para la longitud total de la red, considerar el valor de longitud del tramo",20241231
126,FCCA-T2,Ferrocarril del Centro,12,JUNIN,La Oroya - Huancayo,Pachacayo (Tambo) - Sausa,2.29,EST?NDAR,NO ELECTRIFICADA,Operativo,P?blica (concesionada),Ferrovias Central Andina S.A.,1,"Para la longitud total de la red, considerar el valor de longitud del tramo",20241231
127,FCCA-T1,Ferrocarril del Centro,12,JUNIN,Cut Off - Huascacocha,Cut Off - Huascacocha,12.56,EST?NDAR,NO ELECTRIFICADA,Operativo,P?blica (concesionada),Ferrovias Central Andina S.A.,1,"Para la longitud total de la red, considerar el valor de longitud del tramo",20241231
128,FCCA-T1,Ferrocarril del Centro,15,LIMA,Callao - La Oroya,Callao- Dv. Cajamarquilla,6.06,EST?NDAR,NO ELECTRIFICADA,Operativo,P?blica (concesionada),Ferrovias Central Andina S.A.,1,"Para la longitud total de la red, considerar el valor de longitud del tramo",20241231
129,FML-L2,Sistema El?ctrico de Transporte Masivo - L?nea 2,15,LIMA,Mercado Santa Anita - Evitamiento,Ate - Callao,4.127,EST?NDAR,ELECTRIFICADA,Operativo,P?blica (concesionada),Sociedad Concesionaria Metro de Lima L?nea 2 S.A.,1,"Para la longitud total de la red, considerar el valor de longitud del tramo",20241231
130,FCCA-T1,Ferrocarril del Centro,07,CALLAO,Callao - La Oroya,Callao- Dv. Cajamarquilla,3.19,EST?NDAR,NO ELECTRIFICADA,Operativo,P?blica (concesionada),Ferrovias Central Andina S.A.,1,"Para la longitud total de la red, considerar el valor de longitud del tramo",20241231
131,VOTMET-C,Ferrocarril Cajamarquilla - Santa Clara,15,LIMA,Ramal Cajamarquilla - Santa Clara,Santa Clara - Cajamarquilla,0.93,EST?NDAR,NO ELECTRIFICADA,Operativo,Privada,Votorantim Metais,-1,,20241231
132,VOTMET-C,Ferrocarril Cajamarquilla - Santa Clara,15,LIMA,Ramal Cajamarquilla - Santa Clara,Santa Clara - Cajamarquilla,6.17,EST?NDAR,NO ELECTRIFICADA,Operativo,Privada,Votorantim Metais,-1,,20241231
133,FCCA-T1,Ferrocarril del Centro,15,LIMA,Callao - La Oroya,Dv. Cajamarquilla - Ticlio,76.95,EST?NDAR,NO ELECTRIFICADA,Operativo,P?blica (concesionada),Ferrovias Central Andina S.A.,1,"Para la longitud total de la red, considerar el valor de longitud del tramo",20241231
134,FCCA-T2,Ferrocarril del Centro,12,JUNIN,La Oroya - Huancayo,Pachacayo - Sausa,12.16,EST?NDAR,NO ELECTRIFICADA,Operativo,P?blica (concesionada),Ferrovias Central Andina S.A.,1,"Para la longitud total de la red, considerar el valor de longitud del tramo",20241231
135,FCCA-T3,Ferrocarril del Centro,19,PASCO,La Oroya - Cerro de Pasco,Ramal La Oroya - Cerro de Pasco,4.63,EST?NDAR,NO ELECTRIFICADA,Operativo,P?blica (concesionada),Ferrovias Central Andina S.A.,1,"Para la longitud total de la red, considerar el valor de longitud del tramo",20241231
136,FCCA-T3,Ferrocarril del Centro,12,JUNIN,La Oroya - Cerro de Pasco,Ramal La Oroya - Cerro de Pasco,87.93,EST?NDAR,NO ELECTRIFICADA,Operativo,P?blica (concesionada),Ferrovias Central Andina S.A.,1,"Para la longitud total de la red, considerar el valor de longitud del tramo",20241231
137,FCCA-T1,Ferrocarril del Centro,07,CALLAO,Callao - La Oroya,Callao- Dv. Cajamarquilla,1.87,EST?NDAR,NO ELECTRIFICADA,Operativo,P?blica (concesionada),Ferrovias Central Andina S.A.,1,"Para la longitud total de la red, considerar el valor de longitud del tramo",20241231
138,FCCA-T1,Ferrocarril del Centro,07,CALLAO,Callao - La Oroya,Callao- Dv. Cajamarquilla,1.49,EST?NDAR,NO ELECTRIFICADA,Operativo,P?blica (concesionada),Ferrovias Central Andina S.A.,1,,20241231
139,FCCA-T2,Ferrocarril del Centro,12,JUNIN,Callao - La Oroya,La Oroya - Pachacayo,0.48,EST?NDAR,NO ELECTRIFICADA,Operativo,P?blica (concesionada),Ferrovias Central Andina S.A.,1,"Para la longitud total de la red, considerar el valor de longitud del tramo",20241231
140,FHYO-HVCA,Ferrocarril Huancayo - Huancavelica,12,JUNIN,Huancayo - Huancavelica,Chilca - Huancavelica,0.26,EST?NDAR,NO ELECTRIFICADA,Operativo,P?blica,Ministerio de Transportes y Comunicaciones,0,"Para la longitud total de la red, considerar el valor de longitud del tramo",20241231
141,FTRAN-T4,Ferrocarril del Sur Oriente,08,CUSCO,Cusco - Hidroel?ctrica,Wanchaq (Cusco) - Pachar,13,ANGOSTA,NO ELECTRIFICADA,Operativo,P?blica (concesionada),Ferrocarril Trasandino S.A.,1,"Para la longitud total de la red, considerar el valor de longitud del tramo",20241231
142,FTRAN-T4,Ferrocarril del Sur Oriente,08,CUSCO,Cusco - Hidroel?ctrica,Wanchaq (Cusco) - Pachar,0.2,ANGOSTA,NO ELECTRIFICADA,Operativo,P?blica (concesionada),Ferrocarril Trasandino S.A.,1,,20241231
143,FTRAN-T4,Ferrocarril del Sur Oriente,08,CUSCO,Cusco - Hidroel?ctrica,Wanchaq (Cusco) - Pachar,0.99,ANGOSTA,NO ELECTRIFICADA,Operativo,P?blica (concesionada),Ferrocarril Trasandino S.A.,1,"Para la longitud total de la red, considerar el valor de longitud del tramo",20241231
144,FTRAN-T4,Ferrocarril del Sur Oriente,08,CUSCO,Cusco - Hidroel?ctrica,Wanchaq (Cusco) - Pachar,1.85,ANGOSTA,NO ELECTRIFICADA,Operativo,P?blica (concesionada),Ferrocarril Trasandino S.A.,1,"Para la longitud total de la red, considerar el valor de longitud del tramo",20241231
145,FTRAN-T4,Ferrocarril del Sur Oriente,08,CUSCO,Cusco - Hidroel?ctrica,Wanchaq (Cusco) - Pachar,0.92,ANGOSTA,NO ELECTRIFICADA,Operativo,P?blica (concesionada),Ferrocarril Trasandino S.A.,1,"Para la longitud total de la red, considerar el valor de longitud del tramo",20241231
146,FTRAN-T4,Ferrocarril del Sur Oriente,08,CUSCO,Cusco - Hidroel?ctrica,Wanchaq (Cusco) - Pachar,1.23,ANGOSTA,NO ELECTRIFICADA,Operativo,P?blica (concesionada),Ferrocarril Trasandino S.A.,1,"Para la longitud total de la red, considerar el valor de longitud del tramo",20241231
147,FTRAN-T3,Ferrocarril del Sur,08,CUSCO,Juliaca - Cusco,La Raya - San Pablo,14.14,EST?NDAR,NO ELECTRIFICADA,Operativo,P?blica (concesionada),Ferrocarril Trasandino S.A.,1,"Para la longitud total de la red, considerar el valor de longitud del tramo",20241231
148,FTRAN-T4,Ferrocarril del Sur Oriente,08,CUSCO,Cusco - Hidroel?ctrica,Pachar - Machupicchu,0.24,ANGOSTA,NO ELECTRIFICADA,Operativo,P?blica (concesionada),Ferrocarril Trasandino S.A.,1,"Para la longitud total de la red, considerar el valor de longitud del tramo",20241231
149,FTRAN-T4,Ferrocarril del Sur Oriente,08,CUSCO,Cusco - Hidroel?ctrica,Wanchaq (Cusco) - Pachar,0.76,ANGOSTA,NO ELECTRIFICADA,Operativo,P?blica (concesionada),Ferrocarril Trasandino S.A.,1,"Para la longitud total de la red, considerar el valor de longitud del tramo",20241231
150,FTRAN-T4,Ferrocarril del Sur Oriente,08,CUSCO,Cusco - Hidroel?ctrica,Wanchaq (Cusco) - Pachar,0.32,ANGOSTA,NO ELECTRIFICADA,Operativo,P?blica (concesionada),Ferrocarril Trasandino S.A.,1,"Para la longitud total de la red, considerar el valor de longitud del tramo",20241231
151,FTRAN-T3,Ferrocarril del Sur,08,CUSCO,Juliaca - Cusco,La Raya - San Pablo,15.22,EST?NDAR,NO ELECTRIFICADA,Operativo,P?blica (concesionada),Ferrocarril Trasandino S.A.,1,"Para la longitud total de la red, considerar el valor de longitud del tramo",20241231
152,FTRAN-T1,Ferrocarril del Sur,04,AREQUIPA,Matarani - Arequipa,La Joya - Arequipa,2.22,EST?NDAR,NO ELECTRIFICADA,Operativo,P?blica (concesionada),Ferrocarril Trasandino S.A.,1,"Para la longitud total de la red, considerar el valor de longitud del tramo",20241231
153,FTRAN-T1,Ferrocarril del Sur,04,AREQUIPA,Arequipa - Juliaca,Juliaca -arequipa,0.22,EST?NDAR,NO ELECTRIFICADA,Operativo,P?blica (concesionada),Ferrocarril Trasandino S.A.,1,"Para la longitud total de la red, considerar el valor de longitud del tramo",20241231
154,FSPCC,Ferrocarril Southern Peru Copper Corporation,23,TACNA,Ilo - Toquepala,Dv. Moquegua - Toquepala,2.78,EST?NDAR,NO ELECTRIFICADA,Operativo,Privada,Southern Peru Copper Corporation,-1,,20241231
155,FTRAN-T1,Ferrocarril del Sur,04,AREQUIPA,Matarani - Arequipa,Puerto Matarani - La Joya,4.12,EST?NDAR,NO ELECTRIFICADA,Operativo,P?blica (concesionada),Ferrocarril Trasandino S.A.,1,"Para la longitud total de la red, considerar el valor de longitud del tramo",20241231
156,FTRAN-T1,Ferrocarril del Sur,04,AREQUIPA,Matarani - Arequipa,La Joya - Arequipa,37.91,EST?NDAR,NO ELECTRIFICADA,Operativo,P?blica (concesionada),Ferrocarril Trasandino S.A.,1,"Para la longitud total de la red, considerar el valor de longitud del tramo",20241231
157,FTRAN-T1,Ferrocarril del Sur,04,AREQUIPA,Matarani - Arequipa,Puerto Matarani - La Joya,2.73,EST?NDAR,NO ELECTRIFICADA,Operativo,P?blica (concesionada),Ferrocarril Trasandino S.A.,1,"Para la longitud total de la red, considerar el valor de longitud del tramo",20241231
158,FCME-P2,Ferrocarril Metalurgia,12,JUNIN,Patio 2:  Railway,Patios,0.214,EST?NDAR, ,Operativo,Privada,Metalurgia Business S.A.,-1,"Para la longitud total de la red, considerar el valor de longitud del tramo",20241231
159,FCME-P2,Ferrocarril Metalurgia,12,JUNIN,Patio 2:  Railway,Patios,0.128,EST?NDAR, ,Operativo,Privada,Metalurgia Business S.A.,-1,"Para la longitud total de la red, considerar el valor de longitud del tramo",20241231
160,FCME-P2,Ferrocarril Metalurgia,12,JUNIN,Patio 2:  Railway,Patios,0.18,EST?NDAR, ,Operativo,Privada,Metalurgia Business S.A.,-1,"Para la longitud total de la red, considerar el valor de longitud del tramo",20241231
161,FCME-P2,Ferrocarril Metalurgia,12,JUNIN,Patio 2:  Railway,Patios,0.124,EST?NDAR, ,Operativo,Privada,Metalurgia Business S.A.,-1,"Para la longitud total de la red, considerar el valor de longitud del tramo",20241231
162,FCME-P2,Ferrocarril Metalurgia,12,JUNIN,Patio 2:  Railway,Patios,0.08,EST?NDAR, ,Operativo,Privada,Metalurgia Business S.A.,-1,"Para la longitud total de la red, considerar el valor de longitud del tramo",20241231
163,FCME-P2,Ferrocarril Metalurgia,12,JUNIN,Patio 2:  Railway,Patios,0.544,EST?NDAR, ,Operativo,Privada,Metalurgia Business S.A.,-1,"Para la longitud total de la red, considerar el valor de longitud del tramo",20241231
164,FCME-P2,Ferrocarril Metalurgia,12,JUNIN,Patio 2:  Railway,Patios,0.092,EST?NDAR, ,Operativo,Privada,Metalurgia Business S.A.,-1,"Para la longitud total de la red, considerar el valor de longitud del tramo",20241231
165,FCME-P2,Ferrocarril Metalurgia,12,JUNIN,Patio 2:  Railway,Patios,0.089,EST?NDAR, ,Operativo,Privada,Metalurgia Business S.A.,-1,"Para la longitud total de la red, considerar el valor de longitud del tramo",20241231
166,FCME-P2,Ferrocarril Metalurgia,12,JUNIN,Patio 2:  Railway,Patios,0.291,EST?NDAR, ,Operativo,Privada,Metalurgia Business S.A.,-1,"Para la longitud total de la red, considerar el valor de longitud del tramo",20241231
167,FCME-P2,Ferrocarril Metalurgia,12,JUNIN,Patio 2:  Railway,Patios,0.1,EST?NDAR, ,Operativo,Privada,Metalurgia Business S.A.,-1,"Para la longitud total de la red, considerar el valor de longitud del tramo",20241231
168,FCME-P2,Ferrocarril Metalurgia,12,JUNIN,Patio 2:  Railway,Patios,0.097,EST?NDAR, ,Operativo,Privada,Metalurgia Business S.A.,-1,"Para la longitud total de la red, considerar el valor de longitud del tramo",20241231
169,FCME-P2,Ferrocarril Metalurgia,12,JUNIN,Patio 2:  Railway,Patios,0.12,EST?NDAR, ,Operativo,Privada,Metalurgia Business S.A.,-1,"Para la longitud total de la red, considerar el valor de longitud del tramo",20241231
170,FCME-P2,Ferrocarril Metalurgia,12,JUNIN,Patio 2:  Railway,Patios,0.226,EST?NDAR, ,Operativo,Privada,Metalurgia Business S.A.,-1,"Para la longitud total de la red, considerar el valor de longitud del tramo",20241231
171,FCME-P2,Ferrocarril Metalurgia,12,JUNIN,Patio 2:  Railway,Patios,0.549,EST?NDAR, ,Operativo,Privada,Metalurgia Business S.A.,-1,"Para la longitud total de la red, considerar el valor de longitud del tramo",20241231
172,FCME-P2,Ferrocarril Metalurgia,12,JUNIN,Patio 2:  Railway,Patios,0.303,EST?NDAR, ,Operativo,Privada,Metalurgia Business S.A.,-1,"Para la longitud total de la red, considerar el valor de longitud del tramo",20241231
173,FCME-P2,Ferrocarril Metalurgia,12,JUNIN,Patio 2:  Railway,Patios,0.279,EST?NDAR, ,Operativo,Privada,Metalurgia Business S.A.,-1,"Para la longitud total de la red, considerar el valor de longitud del tramo",20241231
174,FCME-P2,Ferrocarril Metalurgia,12,JUNIN,Patio 2:  Railway,Patios,0.317,EST?NDAR, ,Operativo,Privada,Metalurgia Business S.A.,-1,"Para la longitud total de la red, considerar el valor de longitud del tramo",20241231
175,FCME-P2,Ferrocarril Metalurgia,12,JUNIN,Patio 2:  Railway,Patios,0.186,EST?NDAR, ,Operativo,Privada,Metalurgia Business S.A.,-1,"Para la longitud total de la red, considerar el valor de longitud del tramo",20241231
176,FCME-P2,Ferrocarril Metalurgia,12,JUNIN,Patio 2:  Railway,Patios,0.106,EST?NDAR, ,Operativo,Privada,Metalurgia Business S.A.,-1,"Para la longitud total de la red, considerar el valor de longitud del tramo",20241231
177,FCME-P2,Ferrocarril Metalurgia,12,JUNIN,Patio 2:  Railway,Patios,0.172,EST?NDAR, ,Operativo,Privada,Metalurgia Business S.A.,-1,"Para la longitud total de la red, considerar el valor de longitud del tramo",20241231
178,FCME-P2,Ferrocarril Metalurgia,12,JUNIN,Patio 2:  Railway,Patios,0.136,EST?NDAR, ,Operativo,Privada,Metalurgia Business S.A.,-1,"Para la longitud total de la red, considerar el valor de longitud del tramo",20241231
179,FCME-P2,Ferrocarril Metalurgia,12,JUNIN,Patio 2:  Railway,Patios,0.349,EST?NDAR, ,Operativo,Privada,Metalurgia Business S.A.,-1,"Para la longitud total de la red, considerar el valor de longitud del tramo",20241231
180,FCME-P2,Ferrocarril Metalurgia,12,JUNIN,Patio 2:  Railway,Patios,0.162,EST?NDAR, ,Operativo,Privada,Metalurgia Business S.A.,-1,"Para la longitud total de la red, considerar el valor de longitud del tramo",20241231
181,FCME-P2,Ferrocarril Metalurgia,12,JUNIN,Patio 2:  Railway,Patios,0.238,EST?NDAR, ,Operativo,Privada,Metalurgia Business S.A.,-1,"Para la longitud total de la red, considerar el valor de longitud del tramo",20241231
182,FCME-P2,Ferrocarril Metalurgia,12,JUNIN,Patio 2:  Railway,Patios,0.315,EST?NDAR, ,Operativo,Privada,Metalurgia Business S.A.,-1,"Para la longitud total de la red, considerar el valor de longitud del tramo",20241231
183,FCME-P2,Ferrocarril Metalurgia,12,JUNIN,Patio 2:  Railway,Patios,0.278,EST?NDAR, ,Operativo,Privada,Metalurgia Business S.A.,-1,"Para la longitud total de la red, considerar el valor de longitud del tramo",20241231
184,FCME-P2,Ferrocarril Metalurgia,12,JUNIN,Patio 2:  Railway,Patios,0.269,EST?NDAR, ,Operativo,Privada,Metalurgia Business S.A.,-1,"Para la longitud total de la red, considerar el valor de longitud del tramo",20241231
185,FCME-P2,Ferrocarril Metalurgia,12,JUNIN,Patio 2:  Railway,Patios,0.256,EST?NDAR, ,Operativo,Privada,Metalurgia Business S.A.,-1,"Para la longitud total de la red, considerar el valor de longitud del tramo",20241231
186,FCME-P1,Ferrocarril Metalurgia,12,JUNIN,Patio 1:  Fundici?n,Patios,0.478,EST?NDAR, ,Operativo,Privada,Metalurgia Business S.A.,-1,"Para la longitud total de la red, considerar el valor de longitud del tramo",20241231
187,FCME-P1,Ferrocarril Metalurgia,12,JUNIN,Patio 1:  Fundici?n,Patios,0.922,EST?NDAR, ,Operativo,Privada,Metalurgia Business S.A.,-1,"Para la longitud total de la red, considerar el valor de longitud del tramo",20241231
188,FCME-P1,Ferrocarril Metalurgia,12,JUNIN,Patio 1:  Fundici?n,Patios,0.135,EST?NDAR, ,Operativo,Privada,Metalurgia Business S.A.,-1,"Para la longitud total de la red, considerar el valor de longitud del tramo",20241231
189,FCME-P1,Ferrocarril Metalurgia,12,JUNIN,Patio 1:  Fundici?n,Patios,0.651,EST?NDAR, ,Operativo,Privada,Metalurgia Business S.A.,-1,"Para la longitud total de la red, considerar el valor de longitud del tramo",20241231
190,FCME-P1,Ferrocarril Metalurgia,12,JUNIN,Patio 1:  Fundici?n,Patios,0.388,EST?NDAR, ,Operativo,Privada,Metalurgia Business S.A.,-1,"Para la longitud total de la red, considerar el valor de longitud del tramo",20241231
191,FCME-P1,Ferrocarril Metalurgia,12,JUNIN,Patio 1:  Fundici?n,Patios,0.132,EST?NDAR, ,Operativo,Privada,Metalurgia Business S.A.,-1,"Para la longitud total de la red, considerar el valor de longitud del tramo",20241231
192,FCME-P1,Ferrocarril Metalurgia,12,JUNIN,Patio 1:  Fundici?n,Patios,0.205,EST?NDAR, ,Operativo,Privada,Metalurgia Business S.A.,-1,"Para la longitud total de la red, considerar el valor de longitud del tramo",20241231
193,FCME-P1,Ferrocarril Metalurgia,12,JUNIN,Patio 1:  Fundici?n,Patios,0.169,EST?NDAR, ,Operativo,Privada,Metalurgia Business S.A.,-1,"Para la longitud total de la red, considerar el valor de longitud del tramo",20241231
194,FCME-P1,Ferrocarril Metalurgia,12,JUNIN,Patio 1:  Fundici?n,Patios,0.676,EST?NDAR, ,Operativo,Privada,Metalurgia Business S.A.,-1,"Para la longitud total de la red, considerar el valor de longitud del tramo",20241231
195,FCME-P1,Ferrocarril Metalurgia,12,JUNIN,Patio 1:  Fundici?n,Patios,0.818,EST?NDAR, ,Operativo,Privada,Metalurgia Business S.A.,-1,"Para la longitud total de la red, considerar el valor de longitud del tramo",20241231
196,FCME-P1,Ferrocarril Metalurgia,12,JUNIN,Patio 1:  Fundici?n,Patios,0.633,EST?NDAR, ,Operativo,Privada,Metalurgia Business S.A.,-1,"Para la longitud total de la red, considerar el valor de longitud del tramo",20241231
197,FCME-P1,Ferrocarril Metalurgia,12,JUNIN,Patio 1:  Fundici?n,Patios,0.648,EST?NDAR, ,Operativo,Privada,Metalurgia Business S.A.,-1,"Para la longitud total de la red, considerar el valor de longitud del tramo",20241231
198,FCME-P1,Ferrocarril Metalurgia,12,JUNIN,Patio 1:  Fundici?n,Patios,0.783,EST?NDAR, ,Operativo,Privada,Metalurgia Business S.A.,-1,"Para la longitud total de la red, considerar el valor de longitud del tramo",20241231
199,FCME-P1,Ferrocarril Metalurgia,12,JUNIN,Patio 1:  Fundici?n,Patios,0.713,EST?NDAR, ,Operativo,Privada,Metalurgia Business S.A.,-1,"Para la longitud total de la red, considerar el valor de longitud del tramo",20241231
200,FCME-P1,Ferrocarril Metalurgia,12,JUNIN,Patio 1:  Fundici?n,Patios,0.095,EST?NDAR, ,Operativo,Privada,Metalurgia Business S.A.,-1,"Para la longitud total de la red, considerar el valor de longitud del tramo",20241231
201,FCME-P1,Ferrocarril Metalurgia,12,JUNIN,Patio 1:  Fundici?n,Patios,0.127,EST?NDAR, ,Operativo,Privada,Metalurgia Business S.A.,-1,"Para la longitud total de la red, considerar el valor de longitud del tramo",20241231
202,FCME-P1,Ferrocarril Metalurgia,12,JUNIN,Patio 1:  Fundici?n,Patios,0.08,EST?NDAR, ,Operativo,Privada,Metalurgia Business S.A.,-1,"Para la longitud total de la red, considerar el valor de longitud del tramo",20241231
203,FCME-P1,Ferrocarril Metalurgia,12,JUNIN,Patio 1:  Fundici?n,Patios,0.123,EST?NDAR, ,Operativo,Privada,Metalurgia Business S.A.,-1,"Para la longitud total de la red, considerar el valor de longitud del tramo",20241231
204,FCME-P1,Ferrocarril Metalurgia,12,JUNIN,Patio 1:  Fundici?n,Patios,0.291,EST?NDAR, ,Operativo,Privada,Metalurgia Business S.A.,-1,"Para la longitud total de la red, considerar el valor de longitud del tramo",20241231
205,FCME-P1,Ferrocarril Metalurgia,12,JUNIN,Patio 1:  Fundici?n,Patios,0.319,EST?NDAR, ,Operativo,Privada,Metalurgia Business S.A.,-1,"Para la longitud total de la red, considerar el valor de longitud del tramo",20241231
206,FCME-P1,Ferrocarril Metalurgia,12,JUNIN,Patio 1:  Fundici?n,Patios,0.142,EST?NDAR, ,Operativo,Privada,Metalurgia Business S.A.,-1,"Para la longitud total de la red, considerar el valor de longitud del tramo",20241231
207,FCME-P1,Ferrocarril Metalurgia,12,JUNIN,Patio 1:  Fundici?n,Patios,0.108,EST?NDAR, ,Operativo,Privada,Metalurgia Business S.A.,-1,"Para la longitud total de la red, considerar el valor de longitud del tramo",20241231
208,FCME-P1,Ferrocarril Metalurgia,12,JUNIN,Patio 1:  Fundici?n,Patios,0.417,EST?NDAR, ,Operativo,Privada,Metalurgia Business S.A.,-1,"Para la longitud total de la red, considerar el valor de longitud del tramo",20241231
209,FCME-P1,Ferrocarril Metalurgia,12,JUNIN,Patio 1:  Fundici?n,Patios,0.105,EST?NDAR, ,Operativo,Privada,Metalurgia Business S.A.,-1,"Para la longitud total de la red, considerar el valor de longitud del tramo",20241231
210,FCME-P1,Ferrocarril Metalurgia,12,JUNIN,Patio 1:  Fundici?n,Patios,0.094,EST?NDAR, ,Operativo,Privada,Metalurgia Business S.A.,-1,"Para la longitud total de la red, considerar el valor de longitud del tramo",20241231
211,FCME-P1,Ferrocarril Metalurgia,12,JUNIN,Patio 1:  Fundici?n,Patios,0.151,EST?NDAR, ,Operativo,Privada,Metalurgia Business S.A.,-1,"Para la longitud total de la red, considerar el valor de longitud del tramo",20241231
212,FCME-P1,Ferrocarril Metalurgia,12,JUNIN,Patio 1:  Fundici?n,Patios,0.183,EST?NDAR, ,Operativo,Privada,Metalurgia Business S.A.,-1,"Para la longitud total de la red, considerar el valor de longitud del tramo",20241231
213,FCME-P1,Ferrocarril Metalurgia,12,JUNIN,Patio 1:  Fundici?n,Patios,0.432,EST?NDAR, ,Operativo,Privada,Metalurgia Business S.A.,-1,"Para la longitud total de la red, considerar el valor de longitud del tramo",20241231
214,FCME-P1,Ferrocarril Metalurgia,12,JUNIN,Patio 1:  Fundici?n,Patios,0.27,EST?NDAR, ,Operativo,Privada,Metalurgia Business S.A.,-1,"Para la longitud total de la red, considerar el valor de longitud del tramo",20241231
215,FCME-P1,Ferrocarril Metalurgia,12,JUNIN,Patio 1:  Fundici?n,Patios,0.211,EST?NDAR, ,Operativo,Privada,Metalurgia Business S.A.,-1,"Para la longitud total de la red, considerar el valor de longitud del tramo",20241231
216,FCME-P1,Ferrocarril Metalurgia,12,JUNIN,Patio 1:  Fundici?n,Patios,0.084,EST?NDAR, ,Operativo,Privada,Metalurgia Business S.A.,-1,"Para la longitud total de la red, considerar el valor de longitud del tramo",20241231
217,FCME-P1,Ferrocarril Metalurgia,12,JUNIN,Patio 1:  Fundici?n,Patios,0.22,EST?NDAR, ,Operativo,Privada,Metalurgia Business S.A.,-1,"Para la longitud total de la red, considerar el valor de longitud del tramo",20241231
218,FCME-P1,Ferrocarril Metalurgia,12,JUNIN,Patio 1:  Fundici?n,Patios,0.122,EST?NDAR, ,Operativo,Privada,Metalurgia Business S.A.,-1,"Para la longitud total de la red, considerar el valor de longitud del tramo",20241231
219,FCME-P1,Ferrocarril Metalurgia,12,JUNIN,Patio 1:  Fundici?n,Patios,0.189,EST?NDAR, ,Operativo,Privada,Metalurgia Business S.A.,-1,"Para la longitud total de la red, considerar el valor de longitud del tramo",20241231
220,FCME-P1,Ferrocarril Metalurgia,12,JUNIN,Patio 1:  Fundici?n,Patios,0.246,EST?NDAR, ,Operativo,Privada,Metalurgia Business S.A.,-1,"Para la longitud total de la red, considerar el valor de longitud del tramo",20241231
221,FCME-P1,Ferrocarril Metalurgia,12,JUNIN,Patio 1:  Fundici?n,Patios,0.321,EST?NDAR, ,Operativo,Privada,Metalurgia Business S.A.,-1,"Para la longitud total de la red, considerar el valor de longitud del tramo",20241231
222,FCME-P1,Ferrocarril Metalurgia,12,JUNIN,Patio 1:  Fundici?n,Patios,0.072,EST?NDAR, ,Operativo,Privada,Metalurgia Business S.A.,-1,"Para la longitud total de la red, considerar el valor de longitud del tramo",20241231
223,FCME-P1,Ferrocarril Metalurgia,12,JUNIN,Patio 1:  Fundici?n,Patios,0.221,EST?NDAR, ,Operativo,Privada,Metalurgia Business S.A.,-1,"Para la longitud total de la red, considerar el valor de longitud del tramo",20241231
224,FCME-P1,Ferrocarril Metalurgia,12,JUNIN,Patio 1:  Fundici?n,Patios,0.088,EST?NDAR, ,Operativo,Privada,Metalurgia Business S.A.,-1,"Para la longitud total de la red, considerar el valor de longitud del tramo",20241231
225,FCME-P1,Ferrocarril Metalurgia,12,JUNIN,Patio 1:  Fundici?n,Patios,0.14,EST?NDAR, ,Operativo,Privada,Metalurgia Business S.A.,-1,"Para la longitud total de la red, considerar el valor de longitud del tramo",20241231
226,FCME-P1,Ferrocarril Metalurgia,12,JUNIN,Patio 1:  Fundici?n,Patios,0.154,EST?NDAR, ,Operativo,Privada,Metalurgia Business S.A.,-1,"Para la longitud total de la red, considerar el valor de longitud del tramo",20241231
227,FCME-P1,Ferrocarril Metalurgia,12,JUNIN,Patio 1:  Fundici?n,Patios,0.329,EST?NDAR, ,Operativo,Privada,Metalurgia Business S.A.,-1,"Para la longitud total de la red, considerar el valor de longitud del tramo",20241231
228,FCME-P1,Ferrocarril Metalurgia,12,JUNIN,Patio 1:  Fundici?n,Patios,0.342,EST?NDAR, ,Operativo,Privada,Metalurgia Business S.A.,-1,"Para la longitud total de la red, considerar el valor de longitud del tramo",20241231
229,FCME-P1,Ferrocarril Metalurgia,12,JUNIN,Patio 1:  Fundici?n,Patios,0.104,EST?NDAR, ,Operativo,Privada,Metalurgia Business S.A.,-1,"Para la longitud total de la red, considerar el valor de longitud del tramo",20241231
230,FCME-P1,Ferrocarril Metalurgia,12,JUNIN,Patio 1:  Fundici?n,Patios,0.154,EST?NDAR, ,Operativo,Privada,Metalurgia Business S.A.,-1,"Para la longitud total de la red, considerar el valor de longitud del tramo",20241231
231,FCME-P1,Ferrocarril Metalurgia,12,JUNIN,Patio 1:  Fundici?n,Patios,0.107,EST?NDAR, ,Operativo,Privada,Metalurgia Business S.A.,-1,"Para la longitud total de la red, considerar el valor de longitud del tramo",20241231
232,FCME-P1,Ferrocarril Metalurgia,12,JUNIN,Patio 1:  Fundici?n,Patios,0.14,EST?NDAR, ,Operativo,Privada,Metalurgia Business S.A.,-1,"Para la longitud total de la red, considerar el valor de longitud del tramo",20241231
233,FCME-P1,Ferrocarril Metalurgia,12,JUNIN,Patio 1:  Fundici?n,Patios,0.105,EST?NDAR, ,Operativo,Privada,Metalurgia Business S.A.,-1,"Para la longitud total de la red, considerar el valor de longitud del tramo",20241231
234,FCME-P1,Ferrocarril Metalurgia,12,JUNIN,Patio 1:  Fundici?n,Patios,0.149,EST?NDAR, ,Operativo,Privada,Metalurgia Business S.A.,-1,"Para la longitud total de la red, considerar el valor de longitud del tramo",20241231
235,FCME-P1,Ferrocarril Metalurgia,12,JUNIN,Patio 1:  Fundici?n,Patios,0.081,EST?NDAR, ,Operativo,Privada,Metalurgia Business S.A.,-1,"Para la longitud total de la red, considerar el valor de longitud del tramo",20241231
236,FCME-P1,Ferrocarril Metalurgia,12,JUNIN,Patio 1:  Fundici?n,Patios,0.277,EST?NDAR, ,Operativo,Privada,Metalurgia Business S.A.,-1,"Para la longitud total de la red, considerar el valor de longitud del tramo",20241231
237,FCME-P1,Ferrocarril Metalurgia,12,JUNIN,Patio 1:  Fundici?n,Patios,0.208,EST?NDAR, ,Operativo,Privada,Metalurgia Business S.A.,-1,"Para la longitud total de la red, considerar el valor de longitud del tramo",20241231
238,FCME-P1,Ferrocarril Metalurgia,12,JUNIN,Patio 1:  Fundici?n,Patios,0.095,EST?NDAR, ,Operativo,Privada,Metalurgia Business S.A.,-1,"Para la longitud total de la red, considerar el valor de longitud del tramo",20241231
239,FCME-P1,Ferrocarril Metalurgia,12,JUNIN,Patio 1:  Fundici?n,Patios,0.115,EST?NDAR, ,Operativo,Privada,Metalurgia Business S.A.,-1,"Para la longitud total de la red, considerar el valor de longitud del tramo",20241231
240,FCME-P1,Ferrocarril Metalurgia,12,JUNIN,Patio 1:  Fundici?n,Patios,0.135,EST?NDAR, ,Operativo,Privada,Metalurgia Business S.A.,-1,"Para la longitud total de la red, considerar el valor de longitud del tramo",20241231
241,FCME-P1,Ferrocarril Metalurgia,12,JUNIN,Patio 1:  Fundici?n,Patios,0.312,EST?NDAR, ,Operativo,Privada,Metalurgia Business S.A.,-1,"Para la longitud total de la red, considerar el valor de longitud del tramo",20241231
242,FCCA-T2,Ferrocarril del Centro,12,JUNIN,Callao - La Oroya,La Oroya - Pachacayo,0.62,EST?NDAR,NO ELECTRIFICADA,Operativo,P?blica (concesionada),Ferrovias Central Andina S.A.,1,"Para la longitud total de la red, considerar el valor de longitud del tramo",20241231
243,FCME-P3,Ferrocarril Metalurgia,12,JUNIN,Patio 3: Americano,Patios,0.396,EST?NDAR, ,Operativo,Privada,Metalurgia Business S.A.,-1,"Para la longitud total de la red, considerar el valor de longitud del tramo",20241231
244,FCME-P3,Ferrocarril Metalurgia,12,JUNIN,Patio 3: Americano,Patios,0.485,EST?NDAR, ,Operativo,Privada,Metalurgia Business S.A.,-1,"Para la longitud total de la red, considerar el valor de longitud del tramo",20241231
245,FCME-P3,Ferrocarril Metalurgia,12,JUNIN,Patio 3: Americano,Patios,0.174,EST?NDAR, ,Operativo,Privada,Metalurgia Business S.A.,-1,"Para la longitud total de la red, considerar el valor de longitud del tramo",20241231
246,FCME-P3,Ferrocarril Metalurgia,12,JUNIN,Patio 3: Americano,Patios,0.779,EST?NDAR, ,Operativo,Privada,Metalurgia Business S.A.,-1,"Para la longitud total de la red, considerar el valor de longitud del tramo",20241231
247,FCME-P3,Ferrocarril Metalurgia,12,JUNIN,Patio 4: Huaymanta,Patios,1.432,EST?NDAR, ,Operativo,Privada,Metalurgia Business S.A.,-1,"Para la longitud total de la red, considerar el valor de longitud del tramo",20241231
248,FCME-P3,Ferrocarril Metalurgia,12,JUNIN,Patio 4: Huaymanta,Patios,0.282,EST?NDAR, ,Operativo,Privada,Metalurgia Business S.A.,-1,"Para la longitud total de la red, considerar el valor de longitud del tramo",20241231
249,FCME-P3,Ferrocarril Metalurgia,12,JUNIN,Patio 4: Huaymanta,Patios,0.109,EST?NDAR, ,Operativo,Privada,Metalurgia Business S.A.,-1,"Para la longitud total de la red, considerar el valor de longitud del tramo",20241231
250,FCME-P3,Ferrocarril Metalurgia,12,JUNIN,Patio 4: Huaymanta,Patios,0.129,EST?NDAR, ,Operativo,Privada,Metalurgia Business S.A.,-1,"Para la longitud total de la red, considerar el valor de longitud del tramo",20241231
251,FCME-P3,Ferrocarril Metalurgia,12,JUNIN,Patio 4: Huaymanta,Patios,0.427,EST?NDAR, ,Operativo,Privada,Metalurgia Business S.A.,-1,"Para la longitud total de la red, considerar el valor de longitud del tramo",20241231
252,FCME-P3,Ferrocarril Metalurgia,12,JUNIN,Patio 4: Huaymanta,Patios,0.221,EST?NDAR, ,Operativo,Privada,Metalurgia Business S.A.,-1,"Para la longitud total de la red, considerar el valor de longitud del tramo",20241231
253,FCME-P3,Ferrocarril Metalurgia,12,JUNIN,Patio 4: Huaymanta,Patios,0.205,EST?NDAR, ,Operativo,Privada,Metalurgia Business S.A.,-1,"Para la longitud total de la red, considerar el valor de longitud del tramo",20241231
254,FCME-P3,Ferrocarril Metalurgia,12,JUNIN,Patio 4: Huaymanta,Patios,0.352,EST?NDAR, ,Operativo,Privada,Metalurgia Business S.A.,-1,"Para la longitud total de la red, considerar el valor de longitud del tramo",20241231
255,FCME-P3,Ferrocarril Metalurgia,12,JUNIN,Patio 4: Huaymanta,Patios,0.319,EST?NDAR, ,Operativo,Privada,Metalurgia Business S.A.,-1,"Para la longitud total de la red, considerar el valor de longitud del tramo",20241231
256,FCME-P3,Ferrocarril Metalurgia,12,JUNIN,Patio 4: Huaymanta,Patios,0.646,EST?NDAR, ,Operativo,Privada,Metalurgia Business S.A.,-1,"Para la longitud total de la red, considerar el valor de longitud del tramo",20241231
257,FCME-P3,Ferrocarril Metalurgia,12,JUNIN,Patio 4: Huaymanta,Patios,0.084,EST?NDAR, ,Operativo,Privada,Metalurgia Business S.A.,-1,"Para la longitud total de la red, considerar el valor de longitud del tramo",20241231
258,FCME-P3,Ferrocarril Metalurgia,12,JUNIN,Patio 4: Huaymanta,Patios,0.18,EST?NDAR, ,Operativo,Privada,Metalurgia Business S.A.,-1,"Para la longitud total de la red, considerar el valor de longitud del tramo",20241231
259,FCME-P3,Ferrocarril Metalurgia,12,JUNIN,Patio 4: Huaymanta,Patios,0.153,EST?NDAR, ,Operativo,Privada,Metalurgia Business S.A.,-1,"Para la longitud total de la red, considerar el valor de longitud del tramo",20241231
260,FCME-P3,Ferrocarril Metalurgia,12,JUNIN,Patio 4: Huaymanta,Patios,0.142,EST?NDAR, ,Operativo,Privada,Metalurgia Business S.A.,-1,"Para la longitud total de la red, considerar el valor de longitud del tramo",20241231
261,FCME-P3,Ferrocarril Metalurgia,12,JUNIN,Patio 4: Huaymanta,Patios,0.447,EST?NDAR, ,Operativo,Privada,Metalurgia Business S.A.,-1,"Para la longitud total de la red, considerar el valor de longitud del tramo",20241231
262,FCME-P3,Ferrocarril Metalurgia,12,JUNIN,Patio 4: Huaymanta,Patios,0.337,EST?NDAR, ,Operativo,Privada,Metalurgia Business S.A.,-1,"Para la longitud total de la red, considerar el valor de longitud del tramo",20241231
263,FCME-P3,Ferrocarril Metalurgia,12,JUNIN,Patio 4: Huaymanta,Patios,0.236,EST?NDAR, ,Operativo,Privada,Metalurgia Business S.A.,-1,"Para la longitud total de la red, considerar el valor de longitud del tramo",20241231
264,FCME-P3,Ferrocarril Metalurgia,12,JUNIN,Patio 4: Huaymanta,Patios,0.174,EST?NDAR, ,Operativo,Privada,Metalurgia Business S.A.,-1,"Para la longitud total de la red, considerar el valor de longitud del tramo",20241231
265,FCME-P3,Ferrocarril Metalurgia,12,JUNIN,Patio 4: Huaymanta,Patios,0.564,EST?NDAR, ,Operativo,Privada,Metalurgia Business S.A.,-1,"Para la longitud total de la red, considerar el valor de longitud del tramo",20241231
266,FCME-P3,Ferrocarril Metalurgia,12,JUNIN,Patio 4: Huaymanta,Patios,0.268,EST?NDAR, ,Operativo,Privada,Metalurgia Business S.A.,-1,"Para la longitud total de la red, considerar el valor de longitud del tramo",20241231
267,FCME-P3,Ferrocarril Metalurgia,12,JUNIN,Patio 4: Huaymanta,Patios,0.094,EST?NDAR, ,Operativo,Privada,Metalurgia Business S.A.,-1,"Para la longitud total de la red, considerar el valor de longitud del tramo",20241231
268,FCME-P3,Ferrocarril Metalurgia,12,JUNIN,Patio 4: Huaymanta,Patios,0.104,EST?NDAR, ,Operativo,Privada,Metalurgia Business S.A.,-1,"Para la longitud total de la red, considerar el valor de longitud del tramo",20241231
269,FCME-P3,Ferrocarril Metalurgia,12,JUNIN,Patio 4: Huaymanta,Patios,0.137,EST?NDAR, ,Operativo,Privada,Metalurgia Business S.A.,-1,"Para la longitud total de la red, considerar el valor de longitud del tramo",20241231
270,FCME-P3,Ferrocarril Metalurgia,12,JUNIN,Patio 4: Huaymanta,Patios,0.131,EST?NDAR, ,Operativo,Privada,Metalurgia Business S.A.,-1,"Para la longitud total de la red, considerar el valor de longitud del tramo",20241231
271,FCME-P3,Ferrocarril Metalurgia,12,JUNIN,Patio 4: Huaymanta,Patios,0.099,EST?NDAR, ,Operativo,Privada,Metalurgia Business S.A.,-1,"Para la longitud total de la red, considerar el valor de longitud del tramo",20241231
272,FCME-P3,Ferrocarril Metalurgia,12,JUNIN,Patio 4: Huaymanta,Patios,0.257,EST?NDAR, ,Operativo,Privada,Metalurgia Business S.A.,-1,"Para la longitud total de la red, considerar el valor de longitud del tramo",20241231
273,FCME-P3,Ferrocarril Metalurgia,12,JUNIN,Patio 4: Huaymanta,Patios,0.096,EST?NDAR, ,Operativo,Privada,Metalurgia Business S.A.,-1,"Para la longitud total de la red, considerar el valor de longitud del tramo",20241231
274,FCSP-P1,Ferrocarril Sider?rgica,02,?NCASH,Patios,Patios,2.153,EST?NDAR, ,Operativo,Privada,Sider?rgica del Per? S.A.A,-1,"Para la longitud total de la red, considerar el valor de longitud del tramo",20241231
275,FCSP-P1,Ferrocarril Sider?rgica,02,?NCASH,Patios,Patios,0.921,EST?NDAR, ,Operativo,Privada,Sider?rgica del Per? S.A.A,-1,"Para la longitud total de la red, considerar el valor de longitud del tramo",20241231
276,FCSP-P1,Ferrocarril Sider?rgica,02,?NCASH,Patios,Patios,0.163,EST?NDAR, ,Operativo,Privada,Sider?rgica del Per? S.A.A,-1,"Para la longitud total de la red, considerar el valor de longitud del tramo",20241231
277,FCSP-P1,Ferrocarril Sider?rgica,02,?NCASH,Patios,Patios,0.249,EST?NDAR, ,Operativo,Privada,Sider?rgica del Per? S.A.A,-1,"Para la longitud total de la red, considerar el valor de longitud del tramo",20241231
278,FCSP-P1,Ferrocarril Sider?rgica,02,?NCASH,Patios,Patios,0.428,EST?NDAR, ,Operativo,Privada,Sider?rgica del Per? S.A.A,-1,"Para la longitud total de la red, considerar el valor de longitud del tramo",20241231
279,FCSP-P1,Ferrocarril Sider?rgica,02,?NCASH,Patios,Patios,0.391,EST?NDAR, ,Operativo,Privada,Sider?rgica del Per? S.A.A,-1,"Para la longitud total de la red, considerar el valor de longitud del tramo",20241231
280,FCSP-P1,Ferrocarril Sider?rgica,02,?NCASH,Patios,Patios,0.312,EST?NDAR, ,Operativo,Privada,Sider?rgica del Per? S.A.A,-1,"Para la longitud total de la red, considerar el valor de longitud del tramo",20241231
281,FCSP-P1,Ferrocarril Sider?rgica,02,?NCASH,Patios,Patios,0.426,EST?NDAR, ,Operativo,Privada,Sider?rgica del Per? S.A.A,-1,"Para la longitud total de la red, considerar el valor de longitud del tramo",20241231
282,FCSP-P1,Ferrocarril Sider?rgica,02,?NCASH,Patios,Patios,0.729,EST?NDAR, ,Operativo,Privada,Sider?rgica del Per? S.A.A,-1,"Para la longitud total de la red, considerar el valor de longitud del tramo",20241231
283,FCSP-P1,Ferrocarril Sider?rgica,02,?NCASH,Patios,Patios,0.316,EST?NDAR, ,Operativo,Privada,Sider?rgica del Per? S.A.A,-1,"Para la longitud total de la red, considerar el valor de longitud del tramo",20241231
284,FCSP-P1,Ferrocarril Sider?rgica,02,?NCASH,Patios,Patios,0.438,EST?NDAR, ,Operativo,Privada,Sider?rgica del Per? S.A.A,-1,"Para la longitud total de la red, considerar el valor de longitud del tramo",20241231
285,FCSP-P1,Ferrocarril Sider?rgica,02,?NCASH,Patios,Patios,0.777,EST?NDAR, ,Operativo,Privada,Sider?rgica del Per? S.A.A,-1,"Para la longitud total de la red, considerar el valor de longitud del tramo",20241231
286,FCSP-P1,Ferrocarril Sider?rgica,02,?NCASH,Patios,Patios,0.478,EST?NDAR, ,Operativo,Privada,Sider?rgica del Per? S.A.A,-1,"Para la longitud total de la red, considerar el valor de longitud del tramo",20241231
287,FCSP-P1,Ferrocarril Sider?rgica,02,?NCASH,Patios,Patios,0.583,EST?NDAR, ,Operativo,Privada,Sider?rgica del Per? S.A.A,-1,"Para la longitud total de la red, considerar el valor de longitud del tramo",20241231
288,FCSP-P1,Ferrocarril Sider?rgica,02,?NCASH,Patios,Patios,0.238,EST?NDAR, ,Operativo,Privada,Sider?rgica del Per? S.A.A,-1,"Para la longitud total de la red, considerar el valor de longitud del tramo",20241231
289,FCSP-P1,Ferrocarril Sider?rgica,02,?NCASH,Patios,Patios,0.438,EST?NDAR, ,Operativo,Privada,Sider?rgica del Per? S.A.A,-1,"Para la longitud total de la red, considerar el valor de longitud del tramo",20241231
290,FCSP-P1,Ferrocarril Sider?rgica,02,?NCASH,Patios,Patios,0.214,EST?NDAR, ,Operativo,Privada,Sider?rgica del Per? S.A.A,-1,"Para la longitud total de la red, considerar el valor de longitud del tramo",20241231
291,FCSP-P1,Ferrocarril Sider?rgica,02,?NCASH,Patios,Patios,0.29,EST?NDAR, ,Operativo,Privada,Sider?rgica del Per? S.A.A,-1,"Para la longitud total de la red, considerar el valor de longitud del tramo",20241231
292,FCSP-P1,Ferrocarril Sider?rgica,02,?NCASH,Patios,Patios,0.122,EST?NDAR, ,Operativo,Privada,Sider?rgica del Per? S.A.A,-1,"Para la longitud total de la red, considerar el valor de longitud del tramo",20241231
293,FCSP-P1,Ferrocarril Sider?rgica,02,?NCASH,Patios,Patios,0.361,EST?NDAR, ,Operativo,Privada,Sider?rgica del Per? S.A.A,-1,"Para la longitud total de la red, considerar el valor de longitud del tramo",20241231
294,FCSP-P1,Ferrocarril Sider?rgica,02,?NCASH,Patios,Patios,0.413,EST?NDAR, ,Operativo,Privada,Sider?rgica del Per? S.A.A,-1,"Para la longitud total de la red, considerar el valor de longitud del tramo",20241231
295,FCSP-P1,Ferrocarril Sider?rgica,02,?NCASH,Patios,Patios,0.278,EST?NDAR, ,Operativo,Privada,Sider?rgica del Per? S.A.A,-1,"Para la longitud total de la red, considerar el valor de longitud del tramo",20241231
296,FCSP-P1,Ferrocarril Sider?rgica,02,?NCASH,Patios,Patios,0.382,EST?NDAR, ,Operativo,Privada,Sider?rgica del Per? S.A.A,-1,"Para la longitud total de la red, considerar el valor de longitud del tramo",20241231
297,FCSP-P1,Ferrocarril Sider?rgica,02,?NCASH,Patios,Patios,0.16,EST?NDAR, ,Operativo,Privada,Sider?rgica del Per? S.A.A,-1,"Para la longitud total de la red, considerar el valor de longitud del tramo",20241231
298,FCSP-P1,Ferrocarril Sider?rgica,02,?NCASH,Patios,Patios,0.329,EST?NDAR, ,Operativo,Privada,Sider?rgica del Per? S.A.A,-1,"Para la longitud total de la red, considerar el valor de longitud del tramo",20241231
299,FCSP-P1,Ferrocarril Sider?rgica,02,?NCASH,Patios,Patios,0.224,EST?NDAR, ,Operativo,Privada,Sider?rgica del Per? S.A.A,-1,"Para la longitud total de la red, considerar el valor de longitud del tramo",20241231
300,FCSP-P1,Ferrocarril Sider?rgica,02,?NCASH,Patios,Patios,0.39,EST?NDAR, ,Operativo,Privada,Sider?rgica del Per? S.A.A,-1,"Para la longitud total de la red, considerar el valor de longitud del tramo",20241231
301,FCSP-P1,Ferrocarril Sider?rgica,02,?NCASH,Patios,Patios,0.534,EST?NDAR, ,Operativo,Privada,Sider?rgica del Per? S.A.A,-1,"Para la longitud total de la red, considerar el valor de longitud del tramo",20241231
302,FCSP-P1,Ferrocarril Sider?rgica,02,?NCASH,Patios,Patios,0.276,EST?NDAR, ,Operativo,Privada,Sider?rgica del Per? S.A.A,-1,"Para la longitud total de la red, considerar el valor de longitud del tramo",20241231
303,FCSP-P1,Ferrocarril Sider?rgica,02,?NCASH,Patios,Patios,0.364,EST?NDAR, ,Operativo,Privada,Sider?rgica del Per? S.A.A,-1,"Para la longitud total de la red, considerar el valor de longitud del tramo",20241231
304,FCSP-P1,Ferrocarril Sider?rgica,02,?NCASH,Patios,Patios,0.173,EST?NDAR, ,Operativo,Privada,Sider?rgica del Per? S.A.A,-1,"Para la longitud total de la red, considerar el valor de longitud del tramo",20241231
305,FCSP-P1,Ferrocarril Sider?rgica,02,?NCASH,Patios,Patios,0.245,EST?NDAR, ,Operativo,Privada,Sider?rgica del Per? S.A.A,-1,"Para la longitud total de la red, considerar el valor de longitud del tramo",20241231
306,FCSP-P1,Ferrocarril Sider?rgica,02,?NCASH,Patios,Patios,0.205,EST?NDAR, ,Operativo,Privada,Sider?rgica del Per? S.A.A,-1,"Para la longitud total de la red, considerar el valor de longitud del tramo",20241231
307,FTRAN-T1,Ferrocarril del Sur,04,AREQUIPA,Arequipa - Juliaca,Arequipa - Juliaca,27.23,EST?NDAR,NO ELECTRIFICADA,Operativo,P?blica (concesionada),Ferrocarril Trasandino S.A.,1,"Para la longitud total de la red, considerar el valor de longitud del tramo",20241231
308,FTRAN-T1,Ferrocarril del Sur,04,AREQUIPA,Arequipa - Juliaca,Arequipa - Juliaca,48.96,EST?NDAR,NO ELECTRIFICADA,Operativo,P?blica (concesionada),Ferrocarril Trasandino S.A.,1,"Para la longitud total de la red, considerar el valor de longitud del tramo",20241231
309,FTRAN-T1,Ferrocarril del Sur,04,AREQUIPA,Arequipa - Juliaca,Arequipa - Juliaca,13.26,EST?NDAR,NO ELECTRIFICADA,Operativo,P?blica (concesionada),Ferrocarril Trasandino S.A.,1,"Para la longitud total de la red, considerar el valor de longitud del tramo",20241231
310,FSPCC,Ferrocarril Southern Peru Copper Corporation,23,TACNA,Ilo - Toquepala,Dv. Moquegua - Toquepala,21.082,EST?NDAR,NO ELECTRIFICADA,Operativo,Privada,Southern Peru Copper Corporation,-1,"Para la longitud total de la red, considerar el valor de longitud del tramo",20241231
311,FSPCC,Ferrocarril Southern Peru Copper Corp.,18,MOQUEGUA,Botiflaca - Cuajone,Botiflaca - Cuajone,15,EST?NDAR,NO ELECTRIFICADA,Operativo,Privada,Southern Peru Copper Corporation,-1,"Para la longitud total de la red, considerar el valor de longitud del tramo",20241231
312,FSPCC,Ferrocarril Southern Peru Copper Corporation,23,TACNA,Ilo - Toquepala,Dv. Moquegua - Toquepala,5.42,EST?NDAR,NO ELECTRIFICADA,Operativo,Privada,Southern Peru Copper Corporation,-1,,20241231
313,FSPCC,Ferrocarril Southern Peru Copper Corporation,23,TACNA,Ilo - Toquepala,Dv. Moquegua - Toquepala,3.1,EST?NDAR,NO ELECTRIFICADA,Operativo,Privada,Southern Peru Copper Corporation,-1,,20241231
314,FSPCC,Ferrocarril Southern Peru Copper Corporation,18,MOQUEGUA,Ilo - Toquepala,Patio Puerto - Dv. Moquegua,49.972,EST?NDAR,NO ELECTRIFICADA,Operativo,Privada,Southern Peru Copper Corporation,-1,"Para la longitud total de la red, considerar el valor de longitud del tramo",20241231
315,FSPCC,Ferrocarril Southern Peru Copper Corp.,23,TACNA,El Sargento - Cuajone,El Sargento - Cuajone,4.9,EST?NDAR,NO ELECTRIFICADA,Operativo,Privada,Southern Peru Copper Corporation,-1,"Para la longitud total de la red, considerar el valor de longitud del tramo",20241231
316,FHYO-HVCA,Ferrocarril Huancayo - Huancavelica,12,JUNIN,Huancayo - Huancavelica,Parco- Huancavelica,37.46,EST?NDAR,NO ELECTRIFICADA,Operativo,P?blica,Ministerio de Transportes y Comunicaciones,0,"Para la longitud total de la red, considerar el valor de longitud del tramo",20241231
317,FCCA-T1,Ferrocarril del Centro,12,JUNIN,Callao - La Oroya,Ticlio - Cut Off,0.84,EST?NDAR,NO ELECTRIFICADA,Operativo,P?blica (concesionada),Ferrovias Central Andina S.A.,1,"Para la longitud total de la red, considerar el valor de longitud del tramo",20241231
318,FCCA-T1,Ferrocarril del Centro,12,JUNIN,Callao - La Oroya,Ticlio - Cut Off,4.17,EST?NDAR,NO ELECTRIFICADA,Operativo,P?blica (concesionada),Ferrovias Central Andina S.A.,1,"Para la longitud total de la red, considerar el valor de longitud del tramo",20241231
319,FCCA-T1,Ferrocarril del Centro,12,JUNIN,Callao - La Oroya,Ticlio - Cut Off,1.3,EST?NDAR,NO ELECTRIFICADA,Operativo,P?blica (concesionada),Ferrovias Central Andina S.A.,1,"Para la longitud total de la red, considerar el valor de longitud del tramo",20241231
320,FCCA-T1,Ferrocarril del Centro,12,JUNIN,Callao - La Oroya,Ticlio - Cut Off,0.65,EST?NDAR,NO ELECTRIFICADA,Operativo,P?blica (concesionada),Ferrovias Central Andina S.A.,1,"Para la longitud total de la red, considerar el valor de longitud del tramo",20241231
321,FCCA-T1,Ferrocarril del Centro,12,JUNIN,Callao - La Oroya,Ticlio - Cut Off,10.82,EST?NDAR,NO ELECTRIFICADA,Operativo,P?blica (concesionada),Ferrovias Central Andina S.A.,1,"Para la longitud total de la red, considerar el valor de longitud del tramo",20241231
322,FCCA-T1,Ferrocarril del Centro,12,JUNIN,Callao - La Oroya,Cut Off - La Oroya,0.35,EST?NDAR,NO ELECTRIFICADA,Operativo,P?blica (concesionada),Ferrovias Central Andina S.A.,1,"Para la longitud total de la red, considerar el valor de longitud del tramo",20241231
323,FML-L1T1,Sistema El?ctrico de Transporte Masivo - L?nea 1,15,LIMA,Villa Salvador - Miguel Grau,Villa Salvador - Atocongo,9.653,EST?NDAR,ELECTRIFICADA,Operativo,P?blica (concesionada),Tren Urbano de Lima S.A.,1,,20241231
324,FML-L1T2,Sistema El?ctrico de Transporte Masivo - L?nea 1,15,LIMA,Grau - Bay?var,Av. Grau - Bay?var (san Juan De Lurigancho),12.793749,EST?NDAR,ELECTRIFICADA,Operativo,P?blica (concesionada),Tren Urbano de Lima S.A.,1,,20241231
325,FSPCC,Ferrocarril Southern Peru Copper Corporation,18,MOQUEGUA,Ilo - Toquepala,Fundici?n de Ilo - Patio Puerto,1.4,EST?NDAR,NO ELECTRIFICADA,Operativo,Privada,Southern Peru Copper Corporation,-1,,20241231
326,FSPCC,Ferrocarril Southern Peru Copper Corp.,18,MOQUEGUA,Botiflaca - Cuajone,Botiflaca - Cuajone,0,EST?NDAR,NO ELECTRIFICADA,Operativo,Privada,Southern Peru Copper Corporation,-1,"Para la longitud total de la red, considerar el valor de longitud del tramo",20241231
327,FSPCC,Ferrocarril Southern Peru Copper Corporation,23,TACNA,Ilo - Toquepala,Dv. Moquegua - Toquepala,3.162,EST?NDAR,NO ELECTRIFICADA,Operativo,Privada,Southern Peru Copper Corporation,-1,"Para la longitud total de la red, considerar el valor de longitud del tramo",20241231
328,FSPCC,Ferrocarril Southern Peru Copper Corporation,23,TACNA,Ilo - Toquepala,Dv. Moquegua - Toquepala,0,EST?NDAR,NO ELECTRIFICADA,Operativo,Privada,Southern Peru Copper Corporation,-1,,20241231
329,FSPCC,Ferrocarril Southern Peru Copper Corporation,23,TACNA,Ilo - Toquepala,Dv. Moquegua - Toquepala,2.78,EST?NDAR,NO ELECTRIFICADA,Operativo,Privada,Southern Peru Copper Corporation,-1,,20241231
330,FSPCC,Ferrocarril Southern Peru Copper Corp.,18,MOQUEGUA,Botiflaca - Cuajone,Botiflaca - Cuajone,0,EST?NDAR,NO ELECTRIFICADA,Operativo,Privada,Southern Peru Copper Corporation,-1,"Para la longitud total de la red, considerar el valor de longitud del tramo",20241231
331,FSPCC,Ferrocarril Southern Peru Copper Corp.,18,MOQUEGUA,Milsite - Toquepala,Milsite - Toquepala,3.1,EST?NDAR,NO ELECTRIFICADA,Operativo,Privada,Southern Peru Copper Corporation,-1,"Para la longitud total de la red, considerar el valor de longitud del tramo",20241231
332,FCCA-T3,Ferrocarril del Centro,19,PASCO,La Oroya - Cerro de Pasco,Ramal La Oroya - Cerro de Pasco,39.51,EST?NDAR,NO ELECTRIFICADA,Operativo,P?blica (concesionada),Ferrovias Central Andina S.A.,1,,20241231
