DEPARTAMENTO;PROVINCIA;DISTRITO;NOMBRE;TIPO_AERODROMO;CODIGO_OACI;ESCALA;ESTADO;ADMINISTRADOR;JERARQUIA;TITULARIDAD;LATITUD;LONGITUD
APURÍMAC;ANDAHUAYLAS;ANDAHUAYLAS;ANDAHUAYLAS;Aeropuerto;SPHY;Nacional;Operativo;CORPAC S.A.;Nacional;Pública (Concesionada-No entregada);-13.708819;-73.351556
LORETO;DATEM DEL MARAÑÓN;ANDOAS;ANDOAS;Aeródromo;SPAS;Sin escala definida;Operativo;PACIFIC STRATUS ENERGY DEL PERÚ S.A.;Sin jerarquía definida;Privada;-2.796108;-76.466597
LORETO;DATEM DEL MARAÑÓN;ANDOAS;ANDOAS;Helipuerto;SPAN;Sin escala definida;Operativo;PACIFIC STRATUS ENERGY DEL PERÚ S.A.;Sin jerarquía definida;Privada;-2.796111;-76.466625
AREQUIPA;AREQUIPA;CAYMA;AREQUIPA - INTERNACIONAL ALFREDO RODRÍGUEZ BALLON;Aeropuerto Internacional;SPQU;Internacional;Operativo;AEROPUERTOS ANDINOS DEL PERÚ S.A.;Nacional;Pública (Concesionada);-16.340611;-71.570792
UCAYALI;ATALAYA;RAYMONDI;ATALAYA;Aeródromo;SPAY;Regional;Operativo;CORPAC S.A.;Regional;Pública;-10.728572;-73.765886
AYACUCHO;HUAMANGA;ANDRÉS AVELINO CÁCERES;AYACUCHO - CRNL. FAP ALFREDO MENDIVIL;Aeropuerto;SPHO;Nacional;Operativo;AEROPUERTOS ANDINOS DEL PERÚ S.A.;Nacional;Pública (Concesionada);-13.15483611;-74.20441667
LORETO;ALTO AMAZONAS;JEBEROS;BELLAVISTA;Aeródromo;SPBS;Local;Operativo;COMUNIDAD DE BELLAVISTA;Sin jerarquía definida;Pública;-5.283333;-76.383333
LORETO;REQUENA;PIUINAHUA;BRETAÑA 1;Helipuerto;;Local;Operativo;PETROTAL PERÚ S.R.L.;Sin jerarquía definida;Privada;-5.245689718;-74.32895779
UCAYALI;ATALAYA;YURUA;BREU;Aeródromo;SPBK;Local;Operativo;CORPAC S.A.;Local;Pública;-9.533792;-72.757153
LORETO;REQUENA;TAPICHE;BUNCUYO;Aeródromo;SPBJ;Local;Operativo;COMUNIDAD DE BUNCUYO;Sin jerarquía definida;Pública;-6.516667;-74.583333
LORETO;RAMÓN CASTILLA;RAMÓN CASTILLA;CABALLOCOCHA;Aeródromo;SPBC;Regional;Operativo;CORPAC S.A.;Regional;Pública;-3.916833;-70.508181
CAJAMARCA;CAJAMARCA;BAÑOS DEL INCA;CAJAMARCA - MAY.GRAL.FAP ARMANDO REVOREDO IGLESIAS;Aeropuerto;SPJR;Nacional;Operativo;AEROPUERTOS DEL PERÚ S.A.;Nacional;Pública (Concesionada);-7.139144;-78.489581
CUSCO;LA CONVENCIÓN;ECHARATE;CASHIRIARI 3;Helipuerto;SPCS;Sin escala definida;Operativo;PLUSPETROL PERÚ CORPORATION S.A.;Sin jerarquía definida;Privada;-11.88030278;-72.64921111
AMAZONAS;CHACHAPOYAS;CHACHAPOYAS;CHACHAPOYAS;Aeropuerto;SPPY;Nacional;Operativo;AEROPUERTOS DEL PERÚ S.A.;Nacional;Pública (Concesionada);-6.202042;-77.856
LA LIBERTAD;PATAZ;PATAZ;CHAGUAL;Aeródromo;SPGL;Sin escala definida;Operativo;CIA. MINERA PODEROSA S.A.;Sin jerarquía definida;Privada;-7.797417;-77.651431
AREQUIPA;CARAVELI;CHALA;AERO LINK CHALA;Aeródromo;SPAK;Sin escala definida;Operativo;AERO LINK S.A.C.;Sin jerarquía definida;Privada;-15.80724722;-74.28691944
LA LIBERTAD;VIRU;CHAO;CHAO;Aeródromo;;Sin escala definida;Operativo;CAMPOSOL S.A.;Sin jerarquía definida;Privada;-8.581667;-78.681111
LAMBAYEQUE;CHICLAYO;CHICLAYO;CHICLAYO - INTERNACIONAL CAP. FAP JOSÉ ABELARDO QUIÑONES GONZALES;Aeropuerto Internacional;SPHI;Internacional;Operativo;AEROPUERTOS DEL PERÚ S.A.;Nacional;Pública (Concesionada);-6.787478;-79.8281
ÁNCASH;SANTA;NUEVO CHIMBOTE;CHIMBOTE - TNTE.FAP JAIME A. DE MONTREUIL MORALES;Aeropuerto;SPEO;Regional;Operativo;CORPAC S.A.;Nacional;Pública;-9.149711;-78.523564
AMAZONAS;CONDORCANQUI;NIEVA;CIRO ALEGRÍA;Aeródromo;SPAC;Regional;Operativo;CORPAC S.A.;Regional;Pública;-4.607144;-77.940633
PASCO;OXAPAMPA;PUERTO BERMÚDEZ;CIUDAD CONSTITUCIÓN;Aeródromo;SPCC;Local;Operativo;MUNICIPALIDAD DISTRITAL DE PUERTO BERMUDEZ;Local;Pública;-9.863958;-75.006736
LORETO;REQUENA;YAQUERANA;COLONIA ANGAMOS;Aeródromo;SPDN;Local;Operativo;MUNICIPALIDAD DISTRITAL DE YAQUERANA;Local;Pública;-5.137125;-72.867889
LORETO;UCAYALI;CONTAMANA;CONTAMANA;Aeródromo;SPCM;Local;Operativo;GOBIERNO REGIONAL DE LORETO;Local;Pública;-7.335806;-74.992556
UCAYALI;PURÚS;PURÚS;CULINA;Aeródromo;SPUI;Sin escala definida;Operativo;COMUNIDAD DE CULINA;Sin jerarquía definida;Privada;-9.584486;-70.617764
CUSCO;CUSCO;SAN SEBASTIÁN;CUSCO - INTERNACIONAL TNTE. FAP ALEJANDRO VELASCO ASTETE;Aeropuerto Internacional;SPZO;Internacional;Operativo;CORPAC S.A.;Nacional;Pública;-13.535722;-71.938778
JUNÍN;SATIPO;RÍO TAMBO;CUTIVIRENI;Aeródromo;SPCV;Local;Operativo;COMUNIDAD NATIVA DE CUTIVIRENI;Sin jerarquía definida;Pública;-11.877167;-73.916958
LORETO;PUTUMAYO;PUTUMAYO;EL ESTRECHO;Aeródromo;SPEE;Regional;Operativo;CORPAC S.A.;Regional;Pública;-2.453886403;-72.67083132
AMAZONAS;UTCUBAMBA;EL MILAGRO;EL VALOR - ESTACIÓN 7;Helipuerto;SPEV;Sin escala definida;Operativo;PETRÓLEOS DEL PERÚ - PETROPERU S.A.;Sin jerarquía definida;Privada;-5.670944;-78.640278
LORETO;DATEM DEL MARAÑÓN;MORONA;FERNANDO ROSAS - ESTACIÓN MORONA;Helipuerto;SPMO;Sin escala definida;Operativo;PETRÓLEOS DEL PERÚ - PETROPERU S.A.;Sin jerarquía definida;Privada;-3.983189;-77.227806
LORETO;PUTUMAYO;TENIENTE MANUEL CLAVERO;GÜEPPI;Aeródromo;SPGP;Regional;Operativo;CORPAC S.A.;Regional;Pública;-0.119306;-75.247847
AMAZONAS;CONDORCANQUI;RÍO SANTIAGO;GALILEA;Aeródromo;SPGB;Regional;Operativo;CORPAC S.A.;Regional;Pública;-4.031715731;-77.75876639
SAN MARTÍN;SAN MARTÍN;TARAPOTO;HELINKA;Helipuerto;SPIK;Sin escala definida;Operativo;HELINKA S.A.C.;Sin jerarquía definida;Privada;-6.515416667;-76.37497222
LIMA;LIMA;SAN ISIDRO;HOTEL LOS DELFINES;Helipuerto;SPKD;Sin escala definida;Operativo;CIA. HOTELERA LOS DELFINES S.A.;Sin jerarquía definida;Privada;-12.097833;-77.047833
LIMA;LIMA;SAN ISIDRO;HOTEL ORO VERDE;Helipuerto;SPKO;Sin escala definida;Operativo;HOTELERA COSTA DEL PACIFICO S.A.;Sin jerarquía definida;Privada;-12.0975;-77.038056
LA LIBERTAD;SÁNCHEZ CARRIÓN;HUAMACHUCO;HUAMACHUCO;Aeródromo;SPUC;Local;Operativo;MUNICIPALIDAD PROVINCIAL DE SÁNCHEZ CARRIÓN;Local;Pública;-7.818022;-78.029206
PIURA;HUANCABAMBA;HUANCABAMBA;HUANCABAMBA;Aeródromo;;Regional;Operativo;MUNICIPALIDAD PROVINCIAL DE HUANCABAMBA;Local;Pública;-5.256608333;-79.44335556
HUÁNUCO;HUÁNUCO;HUÁNUCO;HUÁNUCO - ALF. FAP DAVID FIGUEROA FERNANDINI;Aeropuerto;SPNC;Nacional;Operativo;CORPAC S.A.;Nacional;Pública;-9.878681;-76.204569
ÁNCASH;CARHUAZ;ANTA;HUASCARÁN (ANTA - HUARAZ);Aeropuerto;SPHZ;Nacional;Operativo;AEROPUERTOS DEL PERÚ S.A.;Nacional;Pública (Concesionada);-9.347333;-77.598308
MADRE DE DIOS;TAHUAMANU;IÑAPARI;IÑAPARI;Aeródromo;SPIN;Regional;Operativo;CORPAC S.A.;Regional;Pública;-10.980183;-69.559217
MOQUEGUA;ILO;ILO;ILO;Aeropuerto;SPLO;Regional;Operativo;CORPAC S.A.;Nacional;Pública;-17.695028;-71.343931
LIMA;LIMA;LA VICTORIA;INTERBANK;Helipuerto;SPKE;Sin escala definida;Operativo;PROMOTORA INTERCORP S.A.;Sin jerarquía definida;Privada;-12.089472;-77.022778
LORETO;MAYNAS;SAN JUAN BAUTISTA;IQUITOS - INTERNACIONAL CRNL. FAP FRANCISCO SECADA VIGNETTA;Aeropuerto Internacional;SPQT;Internacional;Operativo;AEROPUERTOS DEL PERÚ S.A.;Nacional;Pública (Concesionada);-3.784739;-73.308806
CAJAMARCA;JAÉN;BELLAVISTA;JAÉN;Aeropuerto;SPJE;Nacional;Operativo;CORPAC S.A.;Nacional;Pública;-5.592611;-78.774264
JUNÍN;JAUJA;SAUSA;JAUJA;Aeropuerto;SPJJ;Nacional;Operativo;CORPAC S.A.;Nacional;Pública;-11.783389;-75.473347
LORETO;LORETO;TROMPETEROS;JIBARO MARSHALLING;Helipuerto;SPJM;Sin escala definida;Operativo;PACIFIC STRATUS ENERGY DEL PERÚ S.A.;Sin jerarquía definida;Privada;-2.706139;-76.028556
LIMA;CALLAO;CALLAO;INTERNACIONAL JORGE CHÁVEZ;Aeropuerto Internacional;SPJC;Internacional;Operativo;LIMA AIRPORT PARTNERS S.R.L.;Nacional;Pública (Concesionada);-12.021886;-77.114317
SAN MARTÍN;MARISCAL CÁCERES;JUANJUI;JUANJUI;Aeropuerto;SPJI;Regional;Operativo;CORPAC S.A.;Regional;Pública;-7.168875;-76.728581
PUNO;SAN ROMÁN;JULIACA;JULIACA - INTERNACIONAL INCA MANCO CAPAC;Aeropuerto Internacional;SPJL;Internacional;Operativo;AEROPUERTOS ANDINOS DEL PERÚ S.A.;Nacional;Pública (Concesionada);-15.466856;-70.157883
CUSCO;LA CONVENCIÓN;ECHARATE;KINTERONI;Helipuerto;SPKR;Sin escala definida;Operativo;REPSOL EXPLORACIÓN PERÚ S.A. SUCURSAL DEL PERÚ;Sin jerarquía definida;Privada;-11.509667;-73.2515
CUSCO;LA CONVENCIÓN;ECHARATE;KITENI;Aeródromo;SPKI;Sin escala definida;Operativo;CÍA. OPERADORA DE GAS DEL AMAZONAS S.A.C.;Sin jerarquía definida;Privada;-12.648633;-73.036597
CUSCO;LA CONVENCIÓN;ECHARATE;LA PERUANITA N° 1;Helipuerto;SPPU;Sin escala definida;Operativo;CNPC PERU S.A.;Sin jerarquía definida;Privada;-11.69013889;-73.02194444
CUSCO;LA CONVENCIÓN;ECHARATE;LA PERUANITA N° 2;Helipuerto;SPPV;Sin escala definida;Operativo;CNPC PERU S.A.;Sin jerarquía definida;Privada;-11.689972;-73.021167
CUSCO;LA CONVENCIÓN;ECHARATE;LA PERUANITA N° 3;Helipuerto;SPPW;Sin escala definida;Operativo;CNPC PERU S.A.;Sin jerarquía definida;Privada;-11.69108333;-73.02347222
LORETO;DATEM DEL MARAÑÓN;MANSERICHE;LA VISTA - ESTACIÓN 5;Helipuerto;SPVS;Sin escala definida;Operativo;PETRÓLEOS DEL PERÚ - PETROPERU S.A.;Sin jerarquía definida;Privada;-4.654417;-77.506361
APURÍMAC;COTABAMBA;CHALLHUAHUACHO;LAS BAMBAS;Helipuerto;SPLB;Sin escala definida;Operativo;MINERA LAS BAMBAS S.A.;Sin jerarquía definida;Privada;-14.10288333;-72.27625
ICA;ICA;SUBTANJALLA;LAS DUNAS;Aeródromo;SPLH;Sin escala definida;Operativo;EMPRESA ADMINISTRADORA DEL AERÓDROMO LAS DUNAS DE ICA S.A.C.;Sin jerarquía definida;Privada;-14.03518056;-75.76028333
CUSCO;LA CONVENCIÓN;ECHARATE;LAS MALVINAS;Aeródromo;SPWT;Sin escala definida;Operativo;PLUSPETROL PERÚ CORPORATION S.A.;Sin jerarquía definida;Privada;-11.85494444;-72.93934167
CUSCO;LA CONVENCIÓN;ECHARATE;LAS MALVINAS;Helipuerto;SPHM;Sin escala definida;Operativo;PLUSPETROL PERÚ CORPORATION S.A.;Sin jerarquía definida;Privada;-11.85341944;-72.94184167
LIMA;LIMA;SANTIAGO DE SURCO;LAS PALMAS;Aeródromo;SPLP;Sin escala definida;Operativo;BASE AÉREA LAS PALMAS;Sin jerarquía definida;Pública;-12.160125;-76.998778
LIMA;CAÑETE;CHILCA;LIB MANDI METROPOLITANO;Aeródromo;SPLX;Sin escala definida;Operativo;MASTER BUSINESS AVIATION S.A.C.;Sin jerarquía definida;Privada;-12.389;-76.75809444
JUNÍN;SATIPO;RÍO TAMBO;MAPI;Helipuerto;SPMP;Sin escala definida;Operativo;REPSOL EXPLORACIÓN PERÚ S.A. SUCURSAL DEL PERÚ;Sin jerarquía definida;Privada;-11.432144;-73.573103
ICA;NASCA;EL INGENIO;MARIA REICHE;Helipuerto;SPMA;Sin escala definida;Operativo;EMPRESA ADMINISTRADORA DEL AERODROMO LAS DUNAS DE ICA S.A.C.;Sin jerarquía definida;Privada;-14.681833;-75.134194
JUNÍN;SATIPO;RÍO TAMBO;MASHIRA;Helipuerto;SPMH;Sin escala definida;Operativo;REPSOL EXPLORACIÓN PERÚ S.A. SUCURSAL DEL PERÚ;Sin jerarquía definida;Privada;-11.381528;-73.504972
JUNÍN;SATIPO;MAZAMARI;MAZAMARI - MAY. PNP NANCY FLORES PAUCAR;Aeródromo;SPMF;Regional;Operativo;CORPAC S.A.;Regional;Pública;-11.325517;-74.535828
CUSCO;LA CONVENCIÓN;ECHARATE;MIPAYA;Helipuerto;SPPM;Sin escala definida;Operativo;PLUSPETROL PERÚ CORPORATION S.A.;Sin jerarquía definida;Privada;-11.57952778;-73.16613889
AREQUIPA;ISLAY;MOLLENDO;MOLLENDO;Aeródromo;SPDO;Local;Operativo;MUNICIPALIDAD PROVINCIAL DE ISLAY;Local;Pública;-17.04411667;-71.984575
MOQUEGUA;MARISCAL NIETO;MOQUEGUA;MOQUEGUA;Aeródromo;;Sin escala definida;Operativo;CORPAC S.A.;Sin jerarquía definida;Pública;-17.18;-70.93147222
ICA;NASCA;VISTA ALEGRE;NASCA - MARIA REICHE NEUMAN;Aeródromo;SPZA;Local;Operativo;CORPAC S.A.;Local;Pública;-14.854139;-74.961775
CUSCO;LA CONVENCIÓN;ECHARATE;NUEVO MUNDO;Aeródromo;SPNM;Sin escala definida;Operativo;REPSOL EXPLORACIÓN PERÚ S.A. SUCURSAL DEL PERÚ;Sin jerarquía definida;Privada;-11.54235833;-73.14234444
AREQUIPA;CASTILLA;ORCOPAMPA;ORCOPAMPA;Aeródromo;SPOR;Sin escala definida;Operativo;COMPAÑÍA DE MINAS BUENAVENTURA S.A.A.;Sin jerarquía definida;Privada;-15.314889;-72.352
LORETO;UCAYALI;VARGAS GUERRA;ORELLANA;Aeródromo;SPON;Local;Operativo;MUNICIPALIDAD DISTRITAL DE VARGAS GUERRA;Local;Pública;-6.896414;-75.152586
CUSCO;LA CONVENCIÓN;ECHARATE;PAGORENI A;Helipuerto;SPPG;Sin escala definida;Operativo;PLUSPETROL PERÚ CORPORATION S.A.;Sin jerarquía definida;Privada;-11.717361;-72.901139
CUSCO;LA CONVENCIÓN;ECHARATE;PAGORENI B;Helipuerto;SPPI;Sin escala definida;Operativo;PLUSPETROL PERÚ CORPORATION S.A.;Sin jerarquía definida;Privada;-11.691861;-72.950611
UCAYALI;ATALAYA;YURUA;PAITITI;Aeródromo;SPPT;Local;Operativo;COMUNIDAD PAITITI;Sin jerarquía definida;Pública;-10.083333;-72.883333
AYACUCHO;LA MAR;SAMUGARI;PALMAPAMPA;Aeródromo;SPPE;Sin escala definida;Operativo;POLICÍA NACIONAL DEL PERÚ;Sin jerarquía definida;Pública;-12.729722;-73.669722
SAN MARTÍN;TOCACHE;UCHIZA;PALMAS DEL ESPINO;Aeródromo;SPPN;Sin escala definida;Operativo;PALMAS DEL ESPINO S.A.;Sin jerarquía definida;Privada;-8.343722;-76.489347
LORETO;UCAYALI;PAMPA HERMOSA;PAMPA HERMOSA;Aeródromo;SPPH;Local;Operativo;CORPAC S.A.;Local;Pública;-7.201069;-75.294042
LA LIBERTAD;SANTIAGO DE CHUCO;QUIRUVILCA;PATA DE GALLO;Aeródromo;SPGA;Sin escala definida;Operativo;MINERA BARRICK MISQUICHILCA S.A.;Sin jerarquía definida;Privada;-7.983917;-78.269833
CUSCO;PAUCARTAMBO;KOSÑIPATA;PATRIA;Aeródromo;SPIR;Local;Operativo;CORPAC S.A.;Local;Pública;-12.967303;-71.429122
LA LIBERTAD;PATAZ;PIAS;PÍAS;Aeródromo;SPIS;Sin escala definida;Operativo;CONSORCIO MINERO HORIZONTE S.A.;Sin jerarquía definida;Privada;-7.920222;-77.525389
LORETO;MAYNAS;NAPO;PIRAÑA;Helipuerto;SPHP;Sin escala definida;Operativo;PERENCO PERÚ PETROLEUM LIMITED SUCURSAL DEL PERÚ;Sin jerarquía definida;Privada;-1.913972222;-75.36744444
ICA;PISCO;SAN ANDRÉS;PISCO INTERNACIONAL;Aeropuerto Internacional;SPSO;Nacional;Operativo;AEROPUERTOS DEL PERÚ S.A.;Nacional;Pública (Concesionada);-13.7448;-76.220411
PIURA;PIURA;CASTILLA;PIURA - CAP.FAP GUILLERMO CONCHA IBERICO;Aeropuerto;SPUR;Nacional;Operativo;AEROPUERTOS DEL PERÚ S.A.;Nacional;Pública (Concesionada);-5.205764;-80.616389
CUSCO;LA CONVENCIÓN;ECHARATE;SAGARI BX;Helipuerto;SPZP;Sin escala definida;Operativo;REPSOL EXPLORACIÓN PERÚ S.A. SUCURSAL DEL PERÚ;Sin jerarquía definida;Privada;-11.430833;-73.355639
CUSCO;LA CONVENCIÓN;ECHARATE;PRIVADO N° 2;Helipuerto;SPNB;Sin escala definida;Operativo;REPSOL EXPLORACIÓN PERÚ S.A. SUCURSAL DEL PERÚ;Sin jerarquía definida;Privada;-11.55116667;-73.14286111
CUSCO;LA CONVENCIÓN;ECHARATE;PRIVADO N° 6;Helipuerto;SPNI;Sin escala definida;Operativo;REPSOL EXPLORACIÓN PERÚ S.A. SUCURSAL DEL PERÚ;Sin jerarquía definida;Privada;-11.54691667;-73.14166667
CUSCO;LA CONVENCIÓN;ECHARATE;PRIVADO N° 8;Helipuerto;SPNF;Sin escala definida;Operativo;REPSOL EXPLORACIÓN PERÚ S.A. SUCURSAL DEL PERÚ;Sin jerarquía definida;Privada;-11.55158333;-73.14736111
CUSCO;LA CONVENCIÓN;ECHARATE;PRIVADO N° 9;Helipuerto;SPNG;Sin escala definida;Operativo;REPSOL EXPLORACIÓN PERÚ S.A. SUCURSAL DEL PERÚ;Sin jerarquía definida;Privada;-11.55127778;-73.14763889
UCAYALI;CORONEL PORTILLO;CALLERIA;PUCALLPA - INTERNACIONAL CAP. FAP DAVID ARMANDO ABENSUR RENGIFO;Aeropuerto Internacional;SPCL;Internacional;Operativo;AEROPUERTOS DEL PERÚ S.A.;Nacional;Pública (Concesionada);-8.377942;-74.574297
HUÁNUCO;PUERTO INCA;CODO DEL POZUZO;PUEBLO LIBRE DE CODO;Aeródromo;SPDU;Local;Operativo;AGENCIA MUNICIPAL DE PUEBLO LIBRE DE CODO;Local;Pública;-9.6725;-75.28277778
UCAYALI;PURÚS;PURÚS;PUERTO ESPERANZA;Aeródromo;SPEP;Regional;Operativo;CORPAC S.A.;Regional;Pública;-9.770278;-70.709167
MADRE DE DIOS;TAMBOPATA;TAMBOPATA;PUERTO MALDONADO - PADRE ALDAMIZ;Aeropuerto;SPTU;Internacional;Operativo;AEROPUERTOS ANDINOS DEL PERÚ S.A.;Nacional;Pública (Concesionada);-12.613831;-69.228678
SAN MARTÍN;RIOJA;RIOJA;RIOJA - JUAN SIMONS VELA;Aeropuerto;SPJA;Regional;Operativo;CORPAC S.A.;Nacional;Pública;-6.067792;-77.159806
AMAZONAS;RODRIGUEZ DE MENDOZA;OSCAR R. BENAVIDES;RODRÍGUEZ DE MENDOZA;Aeropuerto;SPLN;Regional;Operativo;CORPAC S.A.;Regional;Pública;-6.392617;-77.500589
LORETO;LORETO;URARINAS;SAN JOSÉ DE SARAMURO - ESTACIÓN 1;Helipuerto;SPSM;Sin escala definida;Operativo;PETRÓLEOS DEL PERÚ - PETROPERU S.A.;Sin jerarquía definida;Privada;-4.721556;-74.922444
LORETO;DATEM DEL MARAÑÓN;BARRANCA;SAN LORENZO;Aeródromo;SPQM;Local;Operativo;MUNICIPALIDAD PROVINCIAL DE DATEM DEL MARAÑÓN;Local;Pública;-4.82425;-76.560347
CUSCO;LA CONVENCIÓN;ECHARATE;SAN MARTÍN 1;Helipuerto;SPMT;Sin escala definida;Operativo;PLUSPETROL PERÚ CORPORATION S.A.;Sin jerarquía definida;Privada;-11.76754444;-72.77806111
CUSCO;LA CONVENCIÓN;ECHARATE;SAN MARTÍN 3;Helipuerto;SPPS;Sin escala definida;Operativo;PLUSPETROL PERÚ CORPORATION S.A.;Sin jerarquía definida;Privada;-11.785528;-72.702139
PUNO;MELGAR;ANTAUTA;SAN RAFAEL;Aeródromo;SPRF;Sin escala definida;Operativo;COMPAÑÍA MINSUR S.A.;Sin jerarquía definida;Privada;-14.282194;-70.379694
SAN MARTÍN;HUALLAGA;SAPOSOA;SAPOSOA;Aeródromo;SPOA;Local;Operativo;CORPAC S.A.;Regional;Pública;-6.959083;-76.768583
LORETO;DATEM DEL MARAÑÓN;MORONA;SARGENTO PUÑO;Helipuerto;SPSP;Sin escala definida;Operativo;PETRÓLEOS DEL PERÚ - PETROPERU S.A.;Sin jerarquía definida;Privada;-3.220889;-77.603389
AREQUIPA;LA UNIÓN;SAYLA;SAYLA;Helipuerto;SPKY;Sin escala definida;Operativo;MUNICIPALIDAD DISTRITAL DE SAYLA;Local;Pública;-15.322778;-73.2375
UCAYALI;ATALAYA;SEPAHUA;SEPAHUA;Aeródromo;SPSE;Local;Operativo;MUNICIPALIDAD DISTRITAL DE SEPAHUA;Local;Pública;-11.142083;-73.034167
LORETO;ALTO AMAZONAS;YURIMAGUAS;SHANUSI;Aeródromo;SPSH;Sin escala definida;Operativo;PALMAS DEL SHANUSI S.A.;Sin jerarquía definida;Privada;-6.128694;-76.169583
TACNA;TACNA;TACNA;TACNA - INTERNACIONAL CRNL. FAP CARLOS CIRIANI SANTA ROSA;Aeropuerto Internacional;SPTN;Internacional;Operativo;AEROPUERTOS ANDINOS DEL PERÚ S.A.;Nacional;Pública (Concesionada);-18.053286;-70.275822
PIURA;TALARA;PARIÑAS;TALARA - INTERNACIONAL CAP.FAP VICTOR MONTES ARIAS;Aeropuerto Internacional;SPYL;Internacional;Operativo;AEROPUERTOS DEL PERÚ S.A.;Nacional;Pública (Concesionada);-4.576611111;-81.25405833
SAN MARTÍN;SAN MARTÍN;TARAPOTO;TARAPOTO - CADETE FAP GUILLERMO DEL CASTILLO PAREDES;Aeropuerto;SPST;Nacional;Operativo;AEROPUERTOS DEL PERÚ S.A.;Nacional;Pública (Concesionada);-6.508744;-76.373247
HUÁNUCO;LEONCIO PRADO;RUPA RUPA;TINGO MARÍA;Aeropuerto;SPGM;Regional;Operativo;CORPAC S.A.;Nacional;Pública;-9.289375;-76.005042
SAN MARTÍN;TOCACHE;TOCACHE;TOCACHE;Aeródromo;SPCH;Regional;Operativo;CORPAC S.A.;Regional;Pública;-8.195431;-76.528667
LORETO;LORETO;TROMPETEROS;TROMPETEROS (CORRIENTES);Aeródromo;SPDR;Sin escala definida;Operativo;PLUSPETROL NORTE S.A.;Sin jerarquía definida;Privada;-3.8055;-75.039903
LORETO;LORETO;TROMPETEROS;TROMPETEROS;Helipuerto;SPDT;Sin escala definida;Operativo;PLUSPETROL NORTE S.A.;Sin jerarquía definida;Privada;-3.807;-75.056167
LA LIBERTAD;TRUJILLO;HUANCHACO;TRUJILLO - INTERNACIONAL CAP. CARLOS MARTINEZ DE PINILLOS;Aeropuerto Internacional;SPRU;Internacional;Operativo;AEROPUERTOS DEL PERÚ S.A.;Nacional;Pública (Concesionada);-8.081708;-79.108644
LA LIBERTAD;SANTIAGO DE CHUCO;MOLLEBAMBA;TULPO;Aeródromo;SPTO;Local;Operativo;MUNICIPALIDAD DISTRITAL DE MOLLEBAMBA;Local;Pública;-8.127278;-77.988181
TUMBES;TUMBES;TUMBES;TUMBES - CAP.FAP PEDRO CANGA RODRÍGUEZ;Aeropuerto;SPME;Nacional;Operativo;AEROPUERTOS DEL PERÚ S.A.;Nacional;Pública (Concesionada);-3.552264;-80.381069
LA LIBERTAD;PATAZ;URPAY;URPAY;Aeródromo;SPAI;Local;Operativo;MUNICIPALIDAD DISTRITAL DE URPAY;Local;Pública;-8.350369;-77.398094
PASCO;PASCO;VICCO;VICCO;Aeródromo;SPVI;Local;Operativo;MUNICIPALIDAD DISTRITAL DE VICCO;Local;Pública;-10.848792;-76.246836
AYACUCHO;VILCASHUAMAN;VILCASHUAMAN;VILCASHUAMÁN;Aeródromo;SPVN;Local;Operativo;CORPAC S.A.;Local;Pública;-13.678194;-73.927083
CUSCO;ESPINAR;YAURI;YAURI;Aeródromo;SPIY;Local;Operativo;MUNICIPALIDAD PROVINCIAL DE ESPINAR;Local;Pública;-14.80638889;-71.43194444
LORETO;ALTO AMAZONAS;YURIMAGUAS;YURIMAGUAS - MOISÉS BENZAQUÉN RENGIFO;Aeropuerto;SPMS;Regional;Operativo;CORPAC S.A.;Nacional;Pública;-5.893611;-76.118056
PIURA;MORROPÓN;CHULUCANAS;METROPOLITANO DE PIURA;Aeródromo;SPAL;Sin escala definida;Operativo;AEROCLUB DE AVIACIÓN CIVIL DEL PERÚ;Sin jerarquía definida;Privada;-5.067777778;-80.14748889
CUSCO;LA CONVENCIÓN;ECHARATE;HP-7;Helipuerto;SPNE;Sin escala definida;Operativo;REPSOL EXPLORACIÓN PERÚ S.A. SUCURSAL DEL PERÚ;Sin jerarquía definida;Privada;-11.55194444;-73.14694444
LIMA;LIMA;MIRAFLORES;CLÍNICA DELGADO;Helipuerto;SPCD;Sin escala definida;Operativo;MEDIC SER S.A.C.;Sin jerarquía definida;Privada;-12.11354167;-77.03319167
AYACUCHO;LA MAR;SANTA ROSA;LUISIANA;Aeródromo;SPLU;Sin escala definida;Operativo;SR. GUILLERMO PARODI MORALES;Sin jerarquía definida;Privada;-12.67497222;-73.70955556
LIMA;Lima;San Borja;BANCO DE LA NACIÓN;Helipuerto;SPBN;Sin escala definida;Operativo;BANCO DE LA NACIÓN;Sin jerarquía definida;Privada;-12.08718611;-77.000675
UCAYALI;CORONEL PORTILLO;YARINACOCHA;CASHIBOCOCHA;Aeródromo;SPCB;Sin escala definida;Operativo;SOUTH AMÉRICA MISSION INC. FILIAL DEL PERÚ;Sin jerarquía definida;Privada;-8.361944444;-74.65680556
CUSCO;LA CONVENCIÓN;ECHARATE;SAGARI AX;Helipuerto;SPSG;Sin escala definida;Operativo;REPSOL EXPLORACIÓN PERÚ S.A. SUCURSAL DEL PERÚ;Sin jerarquía definida;Privada;-11.46402198;-73.31293349
CUSCO;LA CONVENCIÓN;ECHARATE;CASHIRIARI 1;Helipuerto;SPCA;Sin escala definida;Operativo;PLUSPETROL PERÚ CORPORATION S.A.;Sin jerarquía definida;Privada;-11.87445;-72.73419167
UCAYALI;CORONEL PORTILLO;Yarinacocha;ADVENTISTA MOP (SPYC);Aeródromo;SPYC;Sin escala definida;Operativo;ASOCIACIÓN PROYECTOS PERÚ;Sin jerarquía definida;Privada;-8.340427778;-74.59791389
CUSCO;LA CONVENCIÓN;ECHARATE;HP-7 LAS MALVINAS;Helipuerto;SPWL;Sin escala definida;Operativo;PLUSPETROL PERÚ CORPORATION S.A.;Sin jerarquía definida;Privada;-11.84822778;-72.93883889
TUMBES;Contralmirante Villar;Canoas de Punta Sal;WALTER BRAEDT SEGU;Aeródromo;;Sin escala definida;Operativo;MANCORALAND S.A.C.;Sin jerarquía definida;Privada;-4.086797222;-81.02558333
LIMA;Lima;Miraflores;CORONEL PNP RODOLFO LEÓN GAVILÁN;Helipuerto;;Sin escala definida;Operativo;MUNICIPALIDAD DISTRITAL DE MIRAFLORES;Sin jerarquía definida;Pública;-12.11961111;-77.04608889
LIMA;Cañete;San Vicente de Cañete;REVALORA;Aeródromo;;Sin escala definida;Operativo;REVALORA S.A.C.;Sin jerarquía definida;Privada;-13.22304167;-76.26936667
LIMA;Lima;Santiago de Surco;VOCES POR EL CLIMA;Helipuerto;;Sin escala definida;Operativo;HELI-ABAD S.A.C.;Sin jerarquía definida;Privada;-12.15291667;-77.01139167
LIMA;Lima;San Juan de Lurigancho;CANTO GRANDE;Helipuerto;;Sin escala definida;Operativo;HELI-ABAD S.A.C.;Sin jerarquía definida;Privada;-11.95897222;-76.99916944
LIMA;Lima;Santiago de Surco;PROYECTO MORE;Helipuerto;;Sin escala definida;Operativo;INMOBILIARA HUANWIL S.A.;Sin jerarquía definida;Privada;-12.08298611;-76.967425
LIMA;Lima;Puente Piedra;PROYECTO AFE;Helipuerto;;Sin escala definida;Operativo;AFE SERVICE S.A.C.;Sin jerarquía definida;Privada;-11.82842222;-77.09428611
LIMA;Lima;San Bartolo;MUNICIPAL DE SAN BARTOLO ALM. RAUL VARGAS FULLER;Helipuerto;;Sin escala definida;Operativo;FLY ACCES PERU S.A.C.;Sin jerarquía definida;Privada;-12.38044444;-76.78372222
LIMA;Cañete;Asia;BOULEVARD ASIA;Helipuerto;SPBA;Sin escala definida;Operativo;INVERSIONES CASTELAR S.A.C.;Sin jerarquía definida;Privada;-12.76010556;-76.60331944
ICA;CHINCHA;ALTO LARAN;LA CALERA;Helipuerto;;Sin escala definida;Operativo;HELI-ABAD S.A.C.;Sin jerarquía definida;Privada;-13.4541;-76.02863611
LAMBAYEQUE;Lambayeque;Olmos;OLMOS;Aeródromo;;Sin escala definida;Operativo;INVERSIONES AGRICOLAS OLMOS II S.A.C.;Sin jerarquía definida;Privada;-6.011172222;-80.09151111
UCAYALI;Coronel Portillo;Yarinacocha;LAS AMERICAS;Aeródromo;;Sin escala definida;Operativo;JOSÉ LUIS POPOLIZIO BARDALES;Sin jerarquía definida;Privada;-8.317447222;-74.72666111
AYACUCHO;Huamanga;Andres Avelino Caceres;"HOSPITAL MIGUEL ANGEL MARISCAL LLERENA DE AYACUCHO""""";Helipuerto;;Sin escala definida;Operativo;GOBIERNO REGIONAL DE AYACUCHO;Sin jerarquía definida;Pública;-13.162925;-74.20018889
APURÍMAC;Abancay;Curahuasi;DIOSPI SUYANA;Helipuerto;SPDY;Sin escala definida;Operativo;ASOCIACIÓN CIVIL RELIGIOSA DIOSPI SUYANA;Sin jerarquía definida;Privada;-13.54833333;-72.70972222
LIMA;LIMA;SANTIAGO DE SURCO;JOCKEY PLAZA SHOPING CENTER;Helipuerto;SPJP;Sin escala definida;Operativo;ECOCOPTER PERU S.A.;Sin jerarquía definida;Privada;-12.087225;-76.97660278
ICA;ICA;PUEBLO NUEVO;LA PORTADA;Helipuerto;;Sin escala definida;Operativo;HELI-ABAD S.A.C.;Sin jerarquía definida;Privada;-14.14417778;-75.64589167
LA LIBERTAD;PACASMAYO;PACASMAYO;PACASMAYO;Aeródromo;;Sin escala definida;Operativo;ESCUELA PERUANA DE AVIACIÓN CIVIL S.A.;Sin jerarquía definida;Pública;-7.416425;-79.57021667
Apurímac;Andahuaylas;Andahuaylas;Andahuaylas;Aeropuerto;SPHY;Nacional;Operativo;CORPAC S.A.;Nacional;Pública (Concesionada-No entregada);-13.708819;-73.351556
Loreto;Datem Del Marañón;Andoas;Andoas;Aeródromo;SPAS;Sin escala definida;Operativo;Pacific Stratus Energy del Perú S.A.;No aplica a privados;Privada;-2.796108;-76.466597
Loreto;Datem Del Marañón;Andoas;Andoas;Helipuerto de superficie;SPAN;Sin escala definida;Operativo;Pacific Stratus Energy del Perú S.A.;No aplica a privados;Privada;-2.79999037;-76.458732
Arequipa;Arequipa;Cayma;Alfredo Rodríguez Ballon;Aeropuerto Internacional;SPQU;Internacional;Operativo;Aeropuertos Andinos del Perú S.A.;Nacional;Pública (Concesionada);-16.340611;-71.570792
Ucayali;Atalaya;Raymondi;Atalaya;Aeródromo;SPAY;Regional;Operativo;CORPAC S.A.;Regional;Pública;-10.728572;-73.765886
Ayacucho;Huamanga;Andrés Avelino Cáceres;Crnl. FAP. Alfredo Mendivil;Aeropuerto;SPHO;Nacional;Operativo;Aeropuertos Andinos del Perú S.A.;Nacional;Pública (Concesionada);-13.154836;-74.20441667
Loreto;Alto Amazonas;Jeberos;Bellavista;Aeródromo;SPBS;Local;Operativo;Comunidad de Bellavista;Sin jerarquía definida;Pública;-5.28859;-76.2911
Ucayali;Atalaya;Yurua;Breu;Aeródromo;SPBK;Local;Operativo;CORPAC S.A.;Local;Pública;-9.533792;-72.757153
Loreto;Requena;Tapiche;Buncuyo;Aeródromo;SPBJ;Local;Operativo;Comunidad de Buncuyo;Sin jerarquía definida;Pública;-6.516667;-74.583333
Loreto;Ramón Castilla;Ramón Castilla;Caballococha;Aeródromo;SPBC;Regional;Operativo;CORPAC S.A.;Regional;Pública;-3.916833;-70.508181
Cajamarca;Cajamarca;Baños del Inca;May.Gral.FAP. Armando Revoredo Iglesias;Aeropuerto;SPJR;Nacional;Operativo;Aeropuertos del Perú S.A.;Nacional;Pública (Concesionada);-7.139144;-78.489581
Cusco;La Convención;Echarate;Cashiriari 3;Helipuerto de superficie;SPCS;Sin escala definida;Operativo;Pluspetrol Perú Corporation S.A.;No aplica a privados;Privada;-11.88030278;-72.64921111
Amazonas;Chachapoyas;Chachapoyas;Chachapoyas;Aeropuerto;SPPY;Nacional;Operativo;Aeropuertos del Perú S.A.;Nacional;Pública (Concesionada);-6.202042;-77.856
La Libertad;Pataz;Pataz;Chagual;Aeródromo;SPGL;Sin escala definida;Operativo;Cia. Minera Poderosa S.A.;No aplica a privados;Privada;-7.797417;-77.651431
Arequipa;Caraveli;Chala;Aero Link Chala;Aeródromo;SPAK;Sin escala definida;Operativo;Aero Link S.A.C.;No aplica a privados;Privada;-15.80724722;-74.28691944
La Libertad;Virú;Chao;Chao;Aeródromo;SPCY;Sin escala definida;Operativo;CAMPOSOL S.A.;No aplica a privados;Privada;-8.581763889;-78.68120278
Lambayeque;Chiclayo;Chiclayo;Cap. FAP. José Abelardo Quiñones Gonzales;Aeropuerto Internacional;SPHI;Internacional;Operativo;Aeropuertos del Perú S.A.;Nacional;Pública (Concesionada);-6.787478;-79.8281
Áncash;Santa;Nuevo Chimbote;Tnte. FAP. Jaime A. de Montreuil Morales;Aeropuerto;SPEO;Regional;Operativo;CORPAC S.A.;Nacional;Pública;-9.149711;-78.523564
Amazonas;Condorcanqui;Nieva;Ciro Alegría;Aeródromo;SPAC;Regional;Operativo;CORPAC S.A.;Regional;Pública;-4.607144;-77.940633
Pasco;Oxapampa;Puerto Bermúdez;Ciudad Constitución;Aeródromo;SPCC;Local;Operativo;Municipalidad Distrital de Puerto Bermudez;Local;Pública;-9.863958;-75.006736
Loreto;Requena;Yaquerana;Colonia Angamos;Aeródromo;SPDN;Local;Operativo;Municipalidad Distrital de Yaquerana;Local;Pública;-5.137125;-72.867889
Loreto;Ucayali;Contamana;Contamana;Aeródromo;SPCM;Local;Operativo;Gobierno Regional de Loreto;Local;Pública;-7.335806;-74.992556
Ucayali;Purús;Purús;Culina;Aeródromo;SPUI;Sin escala definida;Operativo;Comunidad de Culina;No aplica a privados;Pública;-9.584486;-70.617764
Cusco;Cusco;San Sebastián;Tnte. FAP. Alejandro Velasco Astete;Aeropuerto Internacional;SPZO;Internacional;Operativo;CORPAC S.A.;Nacional;Pública;-13.535722;-71.938778
Junín;Satipo;Río Tambo;Cutivireni;Aeródromo;SPCV;Local;Operativo;Comunidad Nativa de Cutivireni;Sin jerarquía definida;Pública;-11.877167;-73.916958
Loreto;Putumayo;Putumayo;El Estrecho;Aeródromo;SPEE;Regional;Operativo;CORPAC S.A.;Regional;Pública;-2.45389;-72.671
Amazonas;Utcubamba;El Milagro;El Valor - Estación 7;Helipuerto de superficie;SPEV;Sin escala definida;Operativo;Petróleos del Perú - Petroperu S.A.;No aplica a privados;Privada;-5.670944;-78.640278
Loreto;Datem Del Marañón;Morona;Fernando Rosas - Estación Morona;Helipuerto de superficie;SPMO;Sin escala definida;Operativo;Petróleos del Perú - Petroperu S.A.;No aplica a privados;Privada;-3.983189;-77.227806
Loreto;Putumayo;Teniente Manuel Clavero;Güeppi;Aeródromo;SPGP;Regional;Operativo;CORPAC S.A.;Regional;Pública;-0.119306;-75.247847
Amazonas;Condorcanqui;Río Santiago;Galilea;Aeródromo;SPGB;Regional;Operativo;CORPAC S.A.;Regional;Pública;-4.0317157;-77.75876639
San Martín;San Martín;Tarapoto;Helinka;Helipuerto de superficie;SPIK;Sin escala definida;Operativo;Helinka S.A.C.;No aplica a privados;Privada;-6.515416667;-76.37497222
Lima;Lima;San Isidro;Hotel Los Delfines;Helipuerto Elevado;SPKD;Sin escala definida;Operativo;Cia. Hotelera Los Delfines S.A.;No aplica a privados;Privada;-12.097833;-77.047833
Lima;Lima;San Isidro;Hotel Oro Verde;Helipuerto Elevado;SPKO;Sin escala definida;Operativo;Hotelera Costa del Pacifico S.A.;No aplica a privados;Privada;-12.0975;-77.038056
La Libertad;Sánchez Carrión;Huamachuco;Huamachuco;Aeródromo;SPUC;Local;Operativo;Municipalidad Provincial de Sánchez Carrión;Local;Pública;-7.818022;-78.029206
Piura;Huancabamba;Huancabamba;Huancabamba;Aeródromo;SPHB;Regional;Operativo;Municipalidad Provincial de Huancabamba;Local;Pública;-5.2566083;-79.44335556
Huánuco;Huánuco;Huánuco;Alf. FAP. David Figueroa Fernandini;Aeropuerto;SPNC;Nacional;Operativo;CORPAC S.A.;Nacional;Pública;-9.878681;-76.204569
Áncash;Carhuaz;Anta;Cmdt. FAP. German Arias Graziani;Aeropuerto;SPHZ;Nacional;Operativo;Aeropuertos del Perú S.A.;Nacional;Pública (Concesionada);-9.347333;-77.598308
Madre De Dios;Tahuamanu;Iñapari;Iñapari;Aeródromo;SPIN;Regional;Operativo;CORPAC S.A.;Regional;Pública;-10.980183;-69.559217
Moquegua;Ilo;Ilo;Gral. Jorge F. Maldonado Solari;Aeropuerto;SPLO;Regional;Operativo;CORPAC S.A.;Nacional;Pública;-17.695028;-71.343931
Lima;Lima;La Victoria;Interbank;Helipuerto Elevado;SPKE;Sin escala definida;Operativo;Promotora Intercorp S.A.;No aplica a privados;Privada;-12.089472;-77.022778
Loreto;Maynas;San Juan Bautista;Crnl. FAP. Francisco Secada Vignetta;Aeropuerto Internacional;SPQT;Internacional;Operativo;Aeropuertos del Perú S.A.;Nacional;Pública (Concesionada);-3.784739;-73.308806
Cajamarca;Jaén;Bellavista;Fernando Belaunde Terry;Aeropuerto;SPJE;Nacional;Operativo;CORPAC S.A.;Nacional;Pública;-5.592611;-78.774264
Junín;Jauja;Sausa;Francisco Carlé;Aeropuerto;SPJJ;Nacional;Operativo;CORPAC S.A.;Nacional;Pública;-11.783389;-75.473347
Loreto;Loreto;Trompeteros;Jibaro Marshalling;Helipuerto de superficie;SPJM;Sin escala definida;Operativo;Pacific Stratus Energy del Perú S.A.;No aplica a privados;Privada;-2.706139;-76.028556
Lima;Callao;Callao;Jorge Chávez;Aeropuerto Internacional;SPJC;Internacional;Operativo;Lima Airport Partners S.R.L.;Nacional;Pública (Concesionada);-12.021886;-77.114317
San Martín;Mariscal Cáceres;Juanjui;Juanjui;Aeropuerto;SPJI;Regional;Operativo;CORPAC S.A.;Regional;Pública;-7.168875;-76.728581
Puno;San Román;Juliaca;Inca Manco Capac;Aeropuerto Internacional;SPJL;Internacional;Operativo;Aeropuertos Andinos del Perú S.A.;Nacional;Pública (Concesionada);-15.466856;-70.157883
Cusco;La Convención;Echarate;Kinteroni;Helipuerto de superficie;SPKR;Sin escala definida;Operativo;Repsol Exploración Perú S.A. Sucursal del Perú;No aplica a privados;Privada;-11.509667;-73.2515
Cusco;La Convención;Echarate;Kiteni;Aeródromo;SPKI;Sin escala definida;Operativo;Cía. Operadora de Gas del Amazonas S.A.C.;No aplica a privados;Privada;-12.648633;-73.036597
Cusco;La Convención;Echarate;La Peruanita N°1;Helipuerto de superficie;SPPU;Sin escala definida;Operativo;CNPC PERU S.A.;No aplica a privados;Privada;-11.69013889;-73.02194444
Cusco;La Convención;Echarate;La Peruanita N°2;Helipuerto de superficie;SPPV;Sin escala definida;Operativo;CNPC PERU S.A.;No aplica a privados;Privada;-11.689972;-73.021167
Cusco;La Convención;Echarate;La Peruanita N°3;Helipuerto de superficie;SPPW;Sin escala definida;Operativo;CNPC PERU S.A.;No aplica a privados;Privada;-11.69108333;-73.02347222
Loreto;Datem Del Marañón;Manseriche;La Vista - Estación 5;Helipuerto de superficie;SPVS;Sin escala definida;Operativo;Petróleos del Perú - Petroperu S.A.;No aplica a privados;Privada;-4.654417;-77.506361
Apurímac;Cotabamba;Challhuahuacho;Las Bambas;Helipuerto de superficie;SPLB;Sin escala definida;Operativo;Minera Las Bambas S.A.;No aplica a privados;Privada;-14.10288333;-72.27625
Ica;Ica;Subtanjalla;Las Dunas;Aeródromo;SPLH;Sin escala definida;Operativo;Empresa Administradora del Aeródromo Las Dunas de Ica S.A.C.;No aplica a privados;Privada;-14.03518056;-75.76028333
Cusco;La Convención;Echarate;Las Malvinas;Aeródromo;SPWT;Sin escala definida;Operativo;Pluspetrol Perú Corporation S.A.;No aplica a privados;Privada;-11.85494444;-72.93934167
Cusco;La Convención;Echarate;Las Malvinas;Helipuerto de superficie;SPHM;Sin escala definida;Operativo;Pluspetrol Perú Corporation S.A.;No aplica a privados;Privada;-11.85341944;-72.94184167
Lima;Lima;Santiago de Surco;Las Palmas;Aeródromo;SPLP;Sin escala definida;Operativo;Base Aérea Las Palmas;No aplica a privados;Pública;-12.160125;-76.998778
Lima;Cañete;Chilca;Lib Mandi Metropolitano;Aeródromo;SPLX;Sin escala definida;Operativo;Master Business Aviation S.A.C.;No aplica a privados;Privada;-12.389;-76.75809444
Junín;Satipo;Río Tambo;Mapi;Helipuerto de superficie;SPMP;Sin escala definida;Operativo;Repsol Exploración Perú S.A. Sucursal del Perú;No aplica a privados;Privada;-11.432144;-73.573103
Ica;Nasca;El Ingenio;Maria Reiche;Helipuerto de superficie;SPMA;Sin escala definida;Operativo;Helinka S.A.C.;No aplica a privados;Privada;-14.681833;-75.134194
Junín;Satipo;Rio Tambo;Mashira;Helipuerto de superficie;SPMH;Sin escala definida;Operativo;Repsol Exploración Perú S.A. Sucursal del Perú;No aplica a privados;Privada;-11.381528;-73.504972
Junín;Satipo;Mazamari;May. PNP. Nancy Flores Paucar;Aeródromo;SPMF;Regional;Operativo;CORPAC S.A.;Regional;Pública;-11.325517;-74.535828
Cusco;La Convención;Echarate;Mipaya;Helipuerto de superficie;SPPM;Sin escala definida;Operativo;Pluspetrol Perú Corporation S.A.;No aplica a privados;Privada;-11.57952778;-73.16613889
Arequipa;Islay;Mollendo;Mollendo;Aeródromo;SPDO;Local;Operativo;Municipalidad Provincial de Islay;Local;Pública;-17.04411667;-71.984575
Moquegua;Moquegua;Mariscal Nieto;Moquegua;Aeródromo;SPEQ;Sin escala definida;Operativo;CORPAC S.A.;Sin jerarquía definida;Pública;-17.18;-70.93147222
Ica;Nasca;Vista Alegre;Maria Reiche Neuman;Aeródromo;SPZA;Local;Operativo;CORPAC S.A.;Local;Pública;-14.854139;-74.961775
Cusco;La Convención;Echarate;Nuevo Mundo;Aeródromo;SPNM;Sin escala definida;Operativo;Repsol Exploración Perú S.A. Sucursal del Perú;No aplica a privados;Privada;-11.54235833;-73.14234444
Arequipa;Castilla;Orcopampa;Orcopampa;Aeródromo;SPOR;Sin escala definida;Operativo;Compañía de Minas Buenaventura S.A.A.;No aplica a privados;Privada;-15.314889;-72.352
Loreto;Ucayali;Vargas Guerra;Orellana;Aeródromo;SPON;Local;Operativo;Municipalidad Distrital de Vargas Guerra;Local;Pública;-6.896414;-75.152586
Cusco;La Convención;Echarate;Pagoreni A;Helipuerto de superficie;SPPG;Sin escala definida;Operativo;Pluspetrol Perú Corporation S.A.;No aplica a privados;Privada;-11.717361;-72.901139
Cusco;La Convención;Echarate;Pagoreni B;Helipuerto de superficie;SPPI;Sin escala definida;Operativo;Pluspetrol Perú Corporation S.A.;No aplica a privados;Privada;-11.691861;-72.950611
Ucayali;Atalaya;Yurua;Paititi;Aeródromo;SPPT;Local;Operativo;Comunidad Paititi;Sin jerarquía definida;Pública;-10.083333;-72.883333
Ayacucho;La Mar;Samugari;Palmapampa;Aeródromo;SPPE;Sin escala definida;Operativo;Policía Nacional del Perú;Sin jerarquía definida;Pública;-12.7641433;-73.6533141
San Martín;Tocache;Uchiza;Palmas del Espino;Aeródromo;SPPN;Sin escala definida;Operativo;Palmas del Espino S.A.;No aplica a privados;Privada;-8.343722;-76.489347
Loreto;Ucayali;Pampa Hermosa;Pampa Hermosa;Aeródromo;SPPH;Local;Operativo;CORPAC S.A.;Local;Pública;-7.201069;-75.294042
La Libertad;Santiago De Chuco;Quiruvilca;Pata de Gallo;Aeródromo;SPGA;Sin escala definida;Operativo;Minera Barrick Misquichilca S.A.;No aplica a privados;Privada;-7.983917;-78.269833
Cusco;Paucartambo;Kosñipata;Patria;Aeródromo;SPIR;Local;Operativo;CORPAC S.A.;Local;Pública;-12.967303;-71.429122
La Libertad;Pataz;Pias;Pías;Aeródromo;SPIS;Sin escala definida;Operativo;Consorcio Minero Horizonte S.A.;No aplica a privados;Privada;-7.920222;-77.525389
Loreto;Maynas;Napo;Piraña;Helipuerto de superficie;SPHP;Sin escala definida;Operativo;Perenco Perú Petroleum Limited Sucursal del Perú;No aplica a privados;Privada;-1.913972222;-75.36744444
Ica;Pisco;San Andrés;Pisco;Aeropuerto Internacional;SPSO;Internacional;Operativo;Aeropuertos del Perú S.A.;Nacional;Pública (Concesionada);-13.7448;-76.220411
Piura;Piura;Castilla;Cap. FAP. Guillermo Concha Iberico;Aeropuerto;SPUR;Nacional;Operativo;Aeropuertos del Perú S.A.;Nacional;Pública (Concesionada);-5.205764;-80.616389
Cusco;La Convención;Echarate;Sagari Bx;Helipuerto de superficie;SPZP;Sin escala definida;Operativo;Repsol Exploración Perú S.A. Sucursal del Perú;No aplica a privados;Privada;-11.43080556;-73.35572222
Cusco;La Convención;Echarate;Privado N°2;Helipuerto de superficie;SPNB;Sin escala definida;Operativo;Repsol Exploración Perú S.A. Sucursal del Perú;No aplica a privados;Privada;-11.55116667;-73.14286111
Cusco;La Convención;Echarate;Privado N°6;Helipuerto de superficie;SPNI;Sin escala definida;Operativo;Repsol Exploración Perú S.A. Sucursal del Perú;No aplica a privados;Privada;-11.54691667;-73.14166667
Cusco;La Convención;Echarate;Privado N°8;Helipuerto de superficie;SPNF;Sin escala definida;Operativo;Repsol Exploración Perú S.A. Sucursal del Perú;No aplica a privados;Privada;-11.55158333;-73.14736111
Cusco;La Convención;Echarate;Privado N°9;Helipuerto de superficie;SPNG;Sin escala definida;Operativo;Repsol Exploración Perú S.A. Sucursal del Perú;No aplica a privados;Privada;-11.55127778;-73.14763889
Ucayali;Coronel Portillo;Calleria;Cap. FAP. David Armando Abensur Rengifo;Aeropuerto Internacional;SPCL;Internacional;Operativo;Aeropuertos del Perú S.A.;Nacional;Pública (Concesionada);-8.377942;-74.574297
Huánuco;Puerto Inca;Codo del Pozuzo;Pueblo Libre de Codo;Aeródromo;SPDU;Local;Operativo;Agencia Municipal de Pueblo Libre de Codo;Local;Pública;-9.6725;-75.28277778
Ucayali;Purús;Purús;Puerto Esperanza;Aeródromo;SPEP;Regional;Operativo;CORPAC S.A.;Regional;Pública;-9.770278;-70.709167
Madre De Dios;Tambopata;Tambopata;Padre Aldamiz;Aeropuerto;SPTU;Sin escala definida;Operativo;Aeropuertos Andinos del Perú S.A.;Nacional;Pública (Concesionada);-12.613831;-69.228678
Loreto;Requena;Requena;Requena;Aeródromo;SPQN;Local;Operativo;CORPAC S.A.;Sin jerarquía definida;Pública;-5.0785;-73.85625
San Martín;Rioja;Rioja;Juan Simons Vela;Aeropuerto;SPJA;Regional;Operativo;CORPAC S.A.;Nacional;Pública;-6.067792;-77.159806
Amazonas;Rodríguez de Mendoza;Oscar R. Benavides;Rodríguez de Mendoza;Aeropuerto;SPLN;Regional;Operativo;CORPAC S.A.;Regional;Pública;-6.392617;-77.500589
Loreto;Loreto;Urarinas;San José de Saramuro - Estación 1;Helipuerto de superficie;SPSM;Sin escala definida;Operativo;Petróleos del Perú - Petroperu S.A.;No aplica a privados;Privada;-4.721556;-74.922444
Loreto;Datem Del Marañón;Barranca;San Lorenzo;Aeródromo;SPQM;Local;Operativo;Municipalidad Provincial de Datem del Marañón;Local;Pública;-4.82425;-76.56034722
Cusco;La Convención;Echarate;San Martín 1;Helipuerto de superficie;SPMT;Sin escala definida;Operativo;Pluspetrol Perú Corporation S.A.;No aplica a privados;Privada;-11.76754444;-72.77806111
Cusco;La Convención;Echarate;San Martín 3;Helipuerto de superficie;SPPS;Sin escala definida;Operativo;Pluspetrol Perú Corporation S.A.;No aplica a privados;Privada;-11.785528;-72.702139
Puno;Melgar;Antauta;San Rafael;Aeródromo;SPRF;Sin escala definida;Operativo;Compañía Minsur S.A.;No aplica a privados;Privada;-14.282194;-70.379694
San Martín;Huallaga;Saposoa;Saposoa;Aeródromo;SPOA;Local;Operativo;CORPAC S.A.;Regional;Pública;-6.959083;-76.768583
Loreto;Datem Del Marañón;Morona;Sargento Puño;Helipuerto de superficie;SPSP;Sin escala definida;Operativo;Petróleos del Perú - Petroperu S.A.;No aplica a privados;Privada;-3.220889;-77.603389
Arequipa;La Unión;Sayla;Sayla;Helipuerto de superficie;SPKY;Sin escala definida;Operativo;Municipalidad Distrital de Sayla;Local;Pública;-15.322778;-73.2375
Ucayali;Atalaya;Sepahua;Sepahua;Aeródromo;SPSE;Local;Operativo;Municipalidad Distrital de Sepahua;Local;Pública;-11.142083;-73.034167
Loreto;Alto Amazonas;Yurimaguas;Shanusi;Aeródromo;SPSH;Sin escala definida;Operativo;Palmas del Shanusi S.A.;No aplica a privados;Privada;-6.128694;-76.169583
Tacna;Tacna;Tacna;Crnl. FAP. Carlos Ciriani Santa Rosa;Aeropuerto Internacional;SPTN;Internacional;Operativo;Aeropuertos Andinos del Perú S.A.;Nacional;Pública (Concesionada);-18.053286;-70.275822
Piura;Talara;Pariñas;Internacional Cap. FAP. Victor Montes Arias;Aeropuerto Internacional;SPYL;Internacional;Operativo;Aeropuertos del Perú S.A.;Nacional;Pública (Concesionada);-4.576611111;-81.25405833
San Martín;San Martín;Tarapoto;Cadete FAP. Guillermo del Castillo Paredes;Aeropuerto;SPST;Nacional;Operativo;Aeropuertos del Perú S.A.;Nacional;Pública (Concesionada);-6.508744;-76.373247
Huánuco;Leoncio Prado;Rupa Rupa;Tingo María;Aeropuerto;SPGM;Regional;Operativo;CORPAC S.A.;Nacional;Pública;-9.289375;-76.005042
San Martín;Tocache;Tocache;Tocache;Aeródromo;SPCH;Regional;Operativo;CORPAC S.A.;Regional;Pública;-8.195431;-76.528667
Loreto;Loreto;Trompeteros;Trompeteros (Corrientes);Aeródromo;SPDR;Sin escala definida;Operativo;Pluspetrol Norte S.A.;No aplica a privados;Privada;-3.8055;-75.03990278
Loreto;Loreto;Trompeteros;Trompeteros;Helipuerto de superficie;SPDT;Sin escala definida;Operativo;Pluspetrol Norte S.A.;No aplica a privados;Privada;-3.807;-75.056167
La Libertad;Trujillo;Huanchaco;Cap. Carlos Martinez de Pinillos;Aeropuerto Internacional;SPRU;Internacional;Operativo;Aeropuertos del Perú S.A.;Nacional;Pública (Concesionada);-8.081708;-79.108644
La Libertad;Santiago De Chuco;Mollebamba;Tulpo;Aeródromo;SPTO;Local;Operativo;Municipalidad Distrital de Mollebamba;Local;Pública;-8.127278;-77.988181
Tumbes;Tumbes;Tumbes;Cap. FAP. Pedro Canga Rodríguez;Aeropuerto;SPME;Nacional;Operativo;Aeropuertos del Perú S.A.;Nacional;Pública (Concesionada);-3.552264;-80.381069
La Libertad;Pataz;Urpay;Urpay;Aeródromo;SPAI;Local;Operativo;Municipalidad Distrital de Urpay;Local;Pública;-8.350369;-77.398094
Pasco;Pasco;Vicco;Vicco;Aeródromo;SPVI;Local;Operativo;Municipalidad Distrital de Vicco;Local;Pública;-10.848792;-76.246836
Ayacucho;Vilcashuaman;Vilcashuaman;Vilcashuamán;Aeródromo;SPVN;Local;Operativo;CORPAC S.A.;Local;Pública;-13.678194;-73.927083
Cusco;Espinar;Yauri;Yauri;Aeródromo;SPIY;Local;Operativo;Municipalidad Provincial de Espinar;Local;Pública;-14.80638889;-71.43194444
Loreto;Alto Amazonas;Yurimaguas;Moisés Benzaquén Rengifo;Aeropuerto;SPMS;Regional;Operativo;CORPAC S.A.;Nacional;Pública;-5.893611;-76.118056
Piura;Morropón;Chulucanas;Metropolitano de Piura;Aeródromo;SPAL;Sin escala definida;Operativo;Aeroclub de Aviación Civil del Perú;No aplica a privados;Privada;-5.067777778;-80.14748889
Cusco;La Convención;Echarate;HP-7 (REPSOL);Helipuerto de superficie;SPNE;Sin escala definida;Operativo;Repsol Exploración Perú S.A. Sucursal del Perú;No aplica a privados;Privada;-11.55194444;-73.14694444
Lima;Lima;Miraflores;Clínica Delgado;Helipuerto Elevado;SPCD;Sin escala definida;Operativo;Medic Ser S.A.C.;No aplica a privados;Privada;-12.11354167;-77.03319167
Ayacucho;La Mar;Santa Rosa;Luisiana;Aeródromo;SPLU;Sin escala definida;Operativo;Sr. Guillermo Parodi Morales;No aplica a privados;Privada;-12.67497222;-73.70955556
Lima;Lima;San Borja;Banco de La Nación;Helipuerto Elevado;SPBN;Sin escala definida;Operativo;Banco de la Nación;No aplica a privados;Pública;-12.08718611;-77.000675
Ucayali;Coronel Portillo;Yarinacocha;Cashibococha;Aeródromo;SPCB;Sin escala definida;Operativo;South América Mission Inc. Filial del Perú;No aplica a privados;Privada;-8.361944444;-74.65680556
Cusco;La Convención;Echarate;Sagari Ax;Helipuerto de superficie;SPSG;Sin escala definida;Operativo;Repsol Exploración Perú S.A. Sucursal del Perú;No aplica a privados;Privada;-11.46402198;-73.31293349
Cusco;La Convención;Echarate;Cashiriari 1;Helipuerto de superficie;SPCA;Sin escala definida;Operativo;Pluspetrol Perú Corporation S.A.;No aplica a privados;Privada;-11.87449436;-72.73405224
Ucayali;Coronel Portillo;Yarinacocha;Adventista MOP;Aeródromo;SPYC;Sin escala definida;Operativo;Asociacion Proyectos Peru;No aplica a privados;Privada;-8.340427778;-74.59791389
Cusco;La Convención;Echarate;HP-7 Las Malvinas;Helipuerto de superficie;SPWL;Sin escala definida;Operativo;Pluspetrol Perú Corporation S.A.;No aplica a privados;Privada;-11.84822778;-72.93883889
Tumbes;Contralmirante Villar;Canoas de Punta Sal;Walter Braedt Segu;Aeródromo;SPWB;Sin escala definida;Operativo;MANCORALAND S.A.C.;No aplica a privados;Privada;-4.086797222;-81.02558333
Lima;Lima;Miraflores;Crnl. PNP. Rodolfo León Gavilán;Helipuerto de superficie;SPPC;Sin escala definida;Operativo;Municipalidad Distrital de Miraflores;No aplica a privados;Pública;-12.11961111;-77.04608889
Lima;Cañete;San Vicente de Cañete;Revalora;Aeródromo;SPRR;Sin escala definida;Operativo;REVALORA S.A.C.;No aplica a privados;Privada;-13.22304167;-76.26936667
Lima;Lima;Santiago de Surco;Voces por el Clima;Helipuerto de superficie;SPVC;Sin escala definida;Operativo;Heli-Abad S.A.C.;No aplica a privados;Privada;-12.15291667;-77.01139167
Lima;Lima;San Juan de Lurigancho;Canto Grande;Helipuerto de superficie;SPCG;Sin escala definida;Operativo;Heli-Abad S.A.C.;No aplica a privados;Privada;-11.95897222;-76.99916944
Lima;Lima;Santiago de Surco;Proyecto More;Helipuerto de superficie;SPPR;Sin escala definida;Operativo;Inmobiliara Huanwil S.A.;No aplica a privados;Privada;-12.08298611;-76.967425
Lima;Lima;Puente Piedra;Proyecto AFE;Helipuerto de superficie;SPAF;Sin escala definida;Operativo;AFE SERVICE S.A.C.;No aplica a privados;Privada;-11.82842222;-77.09428611
Lima;Lima;San Bartolo;Municipal de San Bartolo Alm. Raul Vargas Fuller;Helipuerto de superficie;SPRT;Sin escala definida;Operativo;Fly Acces Peru S.A.C.;No aplica a privados;Privada;-12.38044444;-76.78372222
Lima;Cañete;Asia;Boulevard Asia;Helipuerto de superficie;SPBA;Sin escala definida;Operativo;Inversiones Castelar S.A.C.;No aplica a privados;Privada;-12.76010556;-76.60331944
Ica;Chincha;Alto Laran;La Calera;Helipuerto de superficie;SPCE;Sin escala definida;Operativo;Heli-Abad S.A.C.;No aplica a privados;Privada;-13.4541;-76.02863611
Lambayeque;Lambayeque;Olmos;Olmos;Aeródromo;SPOL;Sin escala definida;Operativo;Inversiones Agricolas Olmos II S.A.C.;No aplica a privados;Privada;-6.016666667;-80.08840833
Ucayali;Coronel Portillo;Yarinacocha;Las Americas;Aeródromo;SPLA;Sin escala definida;Operativo;José Luis Popolizio Bardales;No aplica a privados;Privada;-8.317447222;-74.72666111
Ayacucho;Huamanga;Andres Avelino Caceres;Hospital Miguel Angel Mariscal Llerena de Ayacucho;Helipuerto Elevado;SPHA;Sin escala definida;Operativo;Gobierno Regional de Ayacucho;Sin jerarquía definida;Pública;-13.162925;-74.20018889
Apurímac;Abancay;Carahuasi;Diospi Suyana;Helipuerto de superficie;SPDY;Sin escala definida;Operativo;Asociación Civil Religiosa Diospi Suyana;No aplica a privados;Privada;-13.54833333;-72.70972222
Lima;Lima;Santiago de Surco;Jockey Plaza Shoping Center;Helipuerto de superficie;SPJP;Sin escala definida;Operativo;ECOCOPTER PERU S.A.;No aplica a privados;Privada;-12.087225;-76.97660278
Ica;Ica;Pueblo Nuevo;La Portada;Helipuerto de superficie;SPPP;Sin escala definida;Operativo;Heli-Abad S.A.C.;No aplica a privados;Privada;-14.14417778;-75.64589167
La Libertad;Pacasmayo;Pacasmayo;Pacasmayo;Aeródromo;SPYO;Sin escala definida;Operativo;Escuela Peruana de Aviación Civil S.A.;No aplica a privados;Pública;-7.416425;-79.57021667
Loreto;Datem Del Marañón;Morona;Yankuntich;Aeródromo;SPYK;Sin escala definida;Operativo;Federación de la Nacionalidad Achuar del Perú;Sin jerarquía definida;Pública;-2.922561111;-77.25788889
Loreto;Datem Del Marañón;Andoas;Wisum;Aeródromo;SPWR;Sin escala definida;Operativo;Federación de la Nacionalidad Achuar del Perú;Sin jerarquía definida;Pública;-3.270952778;-77.02306944
Loreto;Requena;Puinahua;Bretaña;Helipuerto de superficie;SPBR;Sin escala definida;Operativo;Petrotal Perú S.R.L.;No aplica a privados;Privada;-5.245402778;-74.32930556
Apurímac;Cotabamba;Challhuahuacho;Helipuerto Unidad Minera Las Bambas;Helipuerto de superficie;SPMB;Sin escala definida;Operativo;Minera Las Bambas S.A.;No aplica a privados;Privada;-14.106639;-72.272306
Apurímac;Andahuaylas;Andahuaylas;Andahuaylas;Aeropuerto;SPHY;Nacional;Operativo;CORPAC S.A.;Nacional;Pública (Concesionada-No entregada);-13.708819;-73.351556
Loreto;Datem Del Marañón;Andoas;Andoas;Aeródromo;SPAS;Información no disponible;Operativo;Pacific Stratus Energy del Perú S.A.;No aplica privados;Privada;-2.796108;-76.466597
Loreto;Datem Del Marañón;Andoas;Andoas;Helipuerto de superficie;SPAN;Información no disponible;Operativo;Pacific Stratus Energy del Perú S.A.;No aplica privados;Privada;-2.79999037;-76.458732
Arequipa;Arequipa;Cayma;Alfredo Rodríguez Ballon;Aeropuerto Internacional;SPQU;Internacional;Operativo;Aeropuertos Andinos del Perú S.A.;Nacional;Pública (Concesionada);-16.340611;-71.570792
Ucayali;Atalaya;Raymondi;Atalaya;Aeródromo;SPAY;Regional;Operativo;CORPAC S.A.;Regional;Pública;-10.728572;-73.765886
Ayacucho;Huamanga;Andrés Avelino Cáceres;Crnl. FAP. Alfredo Mendivil;Aeropuerto;SPHO;Nacional;Operativo;Aeropuertos Andinos del Perú S.A.;Nacional;Pública (Concesionada);-13.154836;-74.20441667
Loreto;Alto Amazonas;Jeberos;Bellavista;Aeródromo;SPBS;Local;Operativo;Comunidad de Bellavista;Sin jerarquía;Pública;-5.28859;-76.2911
Ucayali;Atalaya;Yurua;Breu;Aeródromo;SPBK;Local;Operativo;CORPAC S.A.;Local;Pública;-9.533792;-72.757153
Loreto;Requena;Tapiche;Buncuyo;Aeródromo;SPBJ;Local;Operativo;Comunidad de Buncuyo;Sin jerarquía;Pública;-6.516667;-74.583333
Loreto;Ramón Castilla;Ramón Castilla;Caballococha;Aeródromo;SPBC;Regional;Operativo;CORPAC S.A.;Regional;Pública;-3.916833;-70.508181
Cajamarca;Cajamarca;Baños del Inca;May.Gral.FAP. Armando Revoredo Iglesias;Aeropuerto;SPJR;Nacional;Operativo;Aeropuertos del Perú S.A.;Nacional;Pública (Concesionada);-7.139144;-78.489581
Cusco;La Convención;Echarate;Cashiriari 3;Helipuerto de superficie;SPCS;Información no disponible;Operativo;Pluspetrol Perú Corporation S.A.;No aplica privados;Privada;-11.88030278;-72.64921111
Amazonas;Chachapoyas;Chachapoyas;Chachapoyas;Aeropuerto;SPPY;Nacional;Operativo;Aeropuertos del Perú S.A.;Nacional;Pública (Concesionada);-6.202042;-77.856
La Libertad;Pataz;Pataz;Chagual;Aeródromo;SPGL;Información no disponible;Operativo;Cia. Minera Poderosa S.A.;No aplica privados;Privada;-7.797417;-77.651431
Arequipa;Caraveli;Chala;Aero Link Chala;Aeródromo;SPAK;Información no disponible;Operativo;Aero Link S.A.C.;No aplica privados;Privada;-15.80724722;-74.28691944
La Libertad;Virú;Chao;Chao;Aeródromo;SPCY;Información no disponible;Operativo;CAMPOSOL S.A.;No aplica privados;Privada;-8.581763889;-78.68120278
Lambayeque;Chiclayo;Chiclayo;Cap. FAP. José Abelardo Quiñones Gonzales;Aeropuerto Internacional;SPHI;Internacional;Operativo;Aeropuertos del Perú S.A.;Nacional;Pública (Concesionada);-6.787478;-79.8281
Áncash;Santa;Nuevo Chimbote;Tnte. FAP. Jaime A. de Montreuil Morales;Aeropuerto;SPEO;Regional;Operativo;CORPAC S.A.;Nacional;Pública;-9.149711;-78.523564
Amazonas;Condorcanqui;Nieva;Ciro Alegría;Aeródromo;SPAC;Regional;Operativo;CORPAC S.A.;Regional;Pública;-4.607144;-77.940633
Pasco;Oxapampa;Puerto Bermúdez;Ciudad Constitución;Aeródromo;SPCC;Local;Operativo;Municipalidad Distrital de Puerto Bermudez;Local;Pública;-9.863958;-75.006736
Loreto;Requena;Yaquerana;Colonia Angamos;Aeródromo;SPDN;Local;Operativo;Municipalidad Distrital de Yaquerana;Local;Pública;-5.137125;-72.867889
Loreto;Ucayali;Contamana;Contamana;Aeródromo;SPCM;Local;Operativo;Gobierno Regional de Loreto;Local;Pública;-7.335806;-74.992556
Ucayali;Purús;Purús;Culina;Aeródromo;SPUI;Información no disponible;Operativo;Comunidad de Culina;No aplica privados;Pública;-9.584486;-70.617764
Cusco;Cusco;San Sebastián;Tnte. FAP. Alejandro Velasco Astete;Aeropuerto Internacional;SPZO;Internacional;Operativo;CORPAC S.A.;Nacional;Pública;-13.535722;-71.938778
Junín;Satipo;Río Tambo;Cutivireni;Aeródromo;SPCV;Local;Operativo;Comunidad Nativa de Cutivireni;Sin jerarquía;Pública;-11.877167;-73.916958
Loreto;Putumayo;Putumayo;El Estrecho;Aeródromo;SPEE;Regional;Operativo;CORPAC S.A.;Regional;Pública;-2.45389;-72.671
Amazonas;Utcubamba;El Milagro;El Valor - Estación 7;Helipuerto de superficie;SPEV;Información no disponible;Operativo;Petróleos del Perú - Petroperu S.A.;No aplica privados;Privada;-5.670944;-78.640278
Loreto;Datem Del Marañón;Morona;Fernando Rosas - Estación Morona;Helipuerto de superficie;SPMO;Información no disponible;Operativo;Petróleos del Perú - Petroperu S.A.;No aplica privados;Privada;-3.983189;-77.227806
Loreto;Putumayo;Teniente Manuel Clavero;Güeppi;Aeródromo;SPGP;Regional;Operativo;CORPAC S.A.;Regional;Pública;-0.119306;-75.247847
Amazonas;Condorcanqui;Río Santiago;Galilea;Aeródromo;SPGB;Regional;Operativo;CORPAC S.A.;Regional;Pública;-4.0317157;-77.75876639
San Martín;San Martín;Tarapoto;Helinka;Helipuerto de superficie;SPIK;Información no disponible;Operativo;Helinka S.A.C.;No aplica privados;Privada;-6.515416667;-76.37497222
Lima;Lima;San Isidro;Hotel Los Delfines;Helipuerto Elevado;SPKD;Información no disponible;Operativo;Cia. Hotelera Los Delfines S.A.;No aplica privados;Privada;-12.097833;-77.047833
Lima;Lima;San Isidro;Hotel Oro Verde;Helipuerto Elevado;SPKO;Información no disponible;Operativo;Hotelera Costa del Pacifico S.A.;No aplica privados;Privada;-12.0975;-77.038056
La Libertad;Sánchez Carrión;Huamachuco;Huamachuco;Aeródromo;SPUC;Local;Operativo;Municipalidad Provincial de Sánchez Carrión;Local;Pública;-7.818022;-78.029206
Piura;Huancabamba;Huancabamba;Huancabamba;Aeródromo;SPHB;Regional;Operativo;Municipalidad Provincial de Huancabamba;Local;Pública;-5.2566083;-79.44335556
Huánuco;Huánuco;Huánuco;Alf. FAP. David Figueroa Fernandini;Aeropuerto;SPNC;Nacional;Operativo;CORPAC S.A.;Nacional;Pública;-9.878681;-76.204569
Áncash;Carhuaz;Anta;Cmdt. FAP. German Arias Graziani;Aeropuerto;SPHZ;Nacional;Operativo;Aeropuertos del Perú S.A.;Nacional;Pública (Concesionada);-9.347333;-77.598308
Madre De Dios;Tahuamanu;Iñapari;Iñapari;Aeródromo;SPIN;Regional;Operativo;CORPAC S.A.;Regional;Pública;-10.980183;-69.559217
Moquegua;Ilo;Ilo;Gral. Jorge F. Maldonado Solari;Aeropuerto;SPLO;Regional;Operativo;CORPAC S.A.;Nacional;Pública;-17.695028;-71.343931
Lima;Lima;La Victoria;Interbank;Helipuerto Elevado;SPKE;Información no disponible;Operativo;Promotora Intercorp S.A.;No aplica privados;Privada;-12.089472;-77.022778
Loreto;Maynas;San Juan Bautista;Crnl. FAP. Francisco Secada Vignetta;Aeropuerto Internacional;SPQT;Internacional;Operativo;Aeropuertos del Perú S.A.;Nacional;Pública (Concesionada);-3.784739;-73.308806
Cajamarca;Jaén;Bellavista;Fernando Belaunde Terry;Aeropuerto;SPJE;Nacional;Operativo;CORPAC S.A.;Nacional;Pública;-5.592611;-78.774264
Junín;Jauja;Sausa;Francisco Carlé;Aeropuerto;SPJJ;Nacional;Operativo;CORPAC S.A.;Nacional;Pública;-11.783389;-75.473347
Loreto;Loreto;Trompeteros;Jibaro Marshalling;Helipuerto de superficie;SPJM;Información no disponible;Operativo;Pacific Stratus Energy del Perú S.A.;No aplica privados;Privada;-2.706139;-76.028556
Lima;Callao;Callao;Jorge Chávez;Aeropuerto Internacional;SPJC;Internacional;Operativo;Lima Airport Partners S.R.L.;Nacional;Pública (Concesionada);-12.021886;-77.114317
San Martín;Mariscal Cáceres;Juanjui;Juanjui;Aeropuerto;SPJI;Regional;Operativo;CORPAC S.A.;Regional;Pública;-7.168875;-76.728581
Puno;San Román;Juliaca;Inca Manco Capac;Aeropuerto Internacional;SPJL;Internacional;Operativo;Aeropuertos Andinos del Perú S.A.;Nacional;Pública (Concesionada);-15.466856;-70.157883
Cusco;La Convención;Echarate;Kinteroni;Helipuerto de superficie;SPKR;Información no disponible;Operativo;Repsol Exploración Perú S.A. Sucursal del Perú;No aplica privados;Privada;-11.509667;-73.2515
Cusco;La Convención;Echarate;Kiteni;Aeródromo;SPKI;Información no disponible;Operativo;Cía. Operadora de Gas del Amazonas S.A.C.;No aplica privados;Privada;-12.648633;-73.036597
Cusco;La Convención;Echarate;La Peruanita N°1;Helipuerto de superficie;SPPU;Información no disponible;Operativo;CNPC PERU S.A.;No aplica privados;Privada;-11.69013889;-73.02194444
Cusco;La Convención;Echarate;La Peruanita N°2;Helipuerto de superficie;SPPV;Información no disponible;Operativo;CNPC PERU S.A.;No aplica privados;Privada;-11.689972;-73.021167
Cusco;La Convención;Echarate;La Peruanita N°3;Helipuerto de superficie;SPPW;Información no disponible;Operativo;CNPC PERU S.A.;No aplica privados;Privada;-11.69108333;-73.02347222
Loreto;Datem Del Marañón;Manseriche;La Vista - Estación 5;Helipuerto de superficie;SPVS;Información no disponible;Operativo;Petróleos del Perú - Petroperu S.A.;No aplica privados;Privada;-4.654417;-77.506361
Apurímac;Cotabamba;Challhuahuacho;Las Bambas;Helipuerto de superficie;SPLB;Información no disponible;Operativo;Minera Las Bambas S.A.;No aplica privados;Privada;-14.10288333;-72.27625
Ica;Ica;Subtanjalla;Las Dunas;Aeródromo;SPLH;Información no disponible;Operativo;Empresa Administradora del Aeródromo Las Dunas de Ica S.A.C.;No aplica privados;Privada;-14.03518056;-75.76028333
Cusco;La Convención;Echarate;Las Malvinas;Aeródromo;SPWT;Información no disponible;Operativo;Pluspetrol Perú Corporation S.A.;No aplica privados;Privada;-11.85494444;-72.93934167
Cusco;La Convención;Echarate;Las Malvinas;Helipuerto de superficie;SPHM;Información no disponible;Operativo;Pluspetrol Perú Corporation S.A.;No aplica privados;Privada;-11.85341944;-72.94184167
Lima;Lima;Santiago de Surco;Las Palmas;Aeródromo;SPLP;Información no disponible;Operativo;Base Aérea Las Palmas;No aplica privados;Pública;-12.160125;-76.998778
Lima;Cañete;Chilca;Lib Mandi Metropolitano;Aeródromo;SPLX;Información no disponible;Operativo;Master Business Aviation S.A.C.;No aplica privados;Privada;-12.389;-76.75809444
Junín;Satipo;Río Tambo;Mapi;Helipuerto de superficie;SPMP;Información no disponible;Operativo;Repsol Exploración Perú S.A. Sucursal del Perú;No aplica privados;Privada;-11.432144;-73.573103
Ica;Nasca;El Ingenio;Maria Reiche;Helipuerto de superficie;SPMA;Información no disponible;Operativo;Helinka S.A.C.;No aplica privados;Privada;-14.681833;-75.134194
Junín;Satipo;Rio Tambo;Mashira;Helipuerto de superficie;SPMH;Información no disponible;Operativo;Repsol Exploración Perú S.A. Sucursal del Perú;No aplica privados;Privada;-11.381528;-73.504972
Junín;Satipo;Mazamari;May. PNP. Nancy Flores Paucar;Aeródromo;SPMF;Regional;Operativo;CORPAC S.A.;Regional;Pública;-11.325517;-74.535828
Cusco;La Convención;Echarate;Mipaya;Helipuerto de superficie;SPPM;Información no disponible;Operativo;Pluspetrol Perú Corporation S.A.;No aplica privados;Privada;-11.57952778;-73.16613889
Arequipa;Islay;Mollendo;Mollendo;Aeródromo;SPDO;Local;Operativo;Municipalidad Provincial de Islay;Local;Pública;-17.04411667;-71.984575
Moquegua;Moquegua;Mariscal Nieto;Moquegua;Aeródromo;SPEQ;Información no disponible;Operativo;CORPAC S.A.;Sin jerarquía;Pública;-17.18;-70.93147222
Ica;Nasca;Vista Alegre;Maria Reiche Neuman;Aeródromo;SPZA;Local;Operativo;CORPAC S.A.;Local;Pública;-14.854139;-74.961775
Cusco;La Convención;Echarate;Nuevo Mundo;Aeródromo;SPNM;Información no disponible;Operativo;Repsol Exploración Perú S.A. Sucursal del Perú;No aplica privados;Privada;-11.54235833;-73.14234444
Arequipa;Castilla;Orcopampa;Orcopampa;Aeródromo;SPOR;Información no disponible;Operativo;Compañía de Minas Buenaventura S.A.A.;No aplica privados;Privada;-15.314889;-72.352
Loreto;Ucayali;Vargas Guerra;Orellana;Aeródromo;SPON;Local;Operativo;Municipalidad Distrital de Vargas Guerra;Local;Pública;-6.896414;-75.152586
Cusco;La Convención;Echarate;Pagoreni A;Helipuerto de superficie;SPPG;Información no disponible;Operativo;Pluspetrol Perú Corporation S.A.;No aplica privados;Privada;-11.717361;-72.901139
Cusco;La Convención;Echarate;Pagoreni B;Helipuerto de superficie;SPPI;Información no disponible;Operativo;Pluspetrol Perú Corporation S.A.;No aplica privados;Privada;-11.691861;-72.950611
Ucayali;Atalaya;Yurua;Paititi;Aeródromo;SPPT;Local;Operativo;Comunidad Paititi;Sin jerarquía;Pública;-10.083333;-72.883333
Ayacucho;La Mar;Samugari;Palmapampa;Aeródromo;SPPE;Información no disponible;Operativo;Policía Nacional del Perú;Sin jerarquía;Pública;-12.7641433;-73.6533141
San Martín;Tocache;Uchiza;Palmas del Espino;Aeródromo;SPPN;Información no disponible;Operativo;Palmas del Espino S.A.;No aplica privados;Privada;-8.343722;-76.489347
Loreto;Ucayali;Pampa Hermosa;Pampa Hermosa;Aeródromo;SPPH;Local;Operativo;CORPAC S.A.;Local;Pública;-7.201069;-75.294042
La Libertad;Santiago De Chuco;Quiruvilca;Pata de Gallo;Aeródromo;SPGA;Información no disponible;Operativo;Minera Barrick Misquichilca S.A.;No aplica privados;Privada;-7.983917;-78.269833
Cusco;Paucartambo;Kosñipata;Patria;Aeródromo;SPIR;Local;Operativo;CORPAC S.A.;Local;Pública;-12.967303;-71.429122
La Libertad;Pataz;Pias;Pías;Aeródromo;SPIS;Información no disponible;Operativo;Consorcio Minero Horizonte S.A.;No aplica privados;Privada;-7.920222;-77.525389
Loreto;Maynas;Napo;Piraña;Helipuerto de superficie;SPHP;Información no disponible;Operativo;Perenco Perú Petroleum Limited Sucursal del Perú;No aplica privados;Privada;-1.913972222;-75.36744444
Ica;Pisco;San Andrés;Pisco;Aeropuerto Internacional;SPSO;Internacional;Operativo;Aeropuertos del Perú S.A.;Nacional;Pública (Concesionada);-13.7448;-76.220411
Piura;Piura;Castilla;Cap. FAP. Guillermo Concha Iberico;Aeropuerto;SPUR;Nacional;Operativo;Aeropuertos del Perú S.A.;Nacional;Pública (Concesionada);-5.205764;-80.616389
Cusco;La Convención;Echarate;Sagari Bx;Helipuerto de superficie;SPZP;Información no disponible;Operativo;Repsol Exploración Perú S.A. Sucursal del Perú;No aplica privados;Privada;-11.43080556;-73.35572222
Cusco;La Convención;Echarate;Privado N°2;Helipuerto de superficie;SPNB;Información no disponible;Operativo;Repsol Exploración Perú S.A. Sucursal del Perú;No aplica privados;Privada;-11.55116667;-73.14286111
Cusco;La Convención;Echarate;Privado N°6;Helipuerto de superficie;SPNI;Información no disponible;Operativo;Repsol Exploración Perú S.A. Sucursal del Perú;No aplica privados;Privada;-11.54691667;-73.14166667
Cusco;La Convención;Echarate;Privado N°8;Helipuerto de superficie;SPNF;Información no disponible;Operativo;Repsol Exploración Perú S.A. Sucursal del Perú;No aplica privados;Privada;-11.55158333;-73.14736111
Cusco;La Convención;Echarate;Privado N°9;Helipuerto de superficie;SPNG;Información no disponible;Operativo;Repsol Exploración Perú S.A. Sucursal del Perú;No aplica privados;Privada;-11.55127778;-73.14763889
Ucayali;Coronel Portillo;Calleria;Cap. FAP. David Armando Abensur Rengifo;Aeropuerto Internacional;SPCL;Internacional;Operativo;Aeropuertos del Perú S.A.;Nacional;Pública (Concesionada);-8.377942;-74.574297
Huánuco;Puerto Inca;Codo del Pozuzo;Pueblo Libre de Codo;Aeródromo;SPDU;Local;Operativo;Agencia Municipal de Pueblo Libre de Codo;Local;Pública;-9.6725;-75.28277778
Ucayali;Purús;Purús;Puerto Esperanza;Aeródromo;SPEP;Regional;Operativo;CORPAC S.A.;Regional;Pública;-9.770278;-70.709167
Madre De Dios;Tambopata;Tambopata;Padre Aldamiz;Aeropuerto;SPTU;Información no disponible;Operativo;Aeropuertos Andinos del Perú S.A.;Nacional;Pública (Concesionada);-12.613831;-69.228678
San Martín;Rioja;Rioja;Juan Simons Vela;Aeropuerto;SPJA;Regional;Operativo;CORPAC S.A.;Nacional;Pública;-6.067792;-77.159806
Amazonas;Rodríguez de Mendoza;Oscar R. Benavides;Rodríguez de Mendoza;Aeropuerto;SPLN;Regional;Operativo;CORPAC S.A.;Regional;Pública;-6.392617;-77.500589
Loreto;Loreto;Urarinas;San José de Saramuro - Estación 1;Helipuerto de superficie;SPSM;Información no disponible;Operativo;Petróleos del Perú - Petroperu S.A.;No aplica privados;Privada;-4.721556;-74.922444
Loreto;Datem Del Marañón;Barranca;San Lorenzo;Aeródromo;SPQM;Local;Operativo;Municipalidad Provincial de Datem del Marañón;Local;Pública;-4.82425;-76.56034722
Cusco;La Convención;Echarate;San Martín 1;Helipuerto de superficie;SPMT;Información no disponible;Operativo;Pluspetrol Perú Corporation S.A.;No aplica privados;Privada;-11.76754444;-72.77806111
Cusco;La Convención;Echarate;San Martín 3;Helipuerto de superficie;SPPS;Información no disponible;Operativo;Pluspetrol Perú Corporation S.A.;No aplica privados;Privada;-11.785528;-72.702139
Puno;Melgar;Antauta;San Rafael;Aeródromo;SPRF;Información no disponible;Operativo;Compañía Minsur S.A.;No aplica privados;Privada;-14.282194;-70.379694
San Martín;Huallaga;Saposoa;Saposoa;Aeródromo;SPOA;Local;Operativo;CORPAC S.A.;Regional;Pública;-6.959083;-76.768583
Loreto;Datem Del Marañón;Morona;Sargento Puño;Helipuerto de superficie;SPSP;Información no disponible;Operativo;Petróleos del Perú - Petroperu S.A.;No aplica privados;Privada;-3.220889;-77.603389
Arequipa;La Unión;Sayla;Sayla;Helipuerto de superficie;SPKY;Información no disponible;Operativo;Municipalidad Distrital de Sayla;Local;Pública;-15.322778;-73.2375
Ucayali;Atalaya;Sepahua;Sepahua;Aeródromo;SPSE;Local;Operativo;Municipalidad Distrital de Sepahua;Local;Pública;-11.142083;-73.034167
Loreto;Alto Amazonas;Yurimaguas;Shanusi;Aeródromo;SPSH;Información no disponible;Operativo;Palmas del Shanusi S.A.;No aplica privados;Privada;-6.128694;-76.169583
Tacna;Tacna;Tacna;Crnl. FAP. Carlos Ciriani Santa Rosa;Aeropuerto Internacional;SPTN;Internacional;Operativo;Aeropuertos Andinos del Perú S.A.;Nacional;Pública (Concesionada);-18.053286;-70.275822
Piura;Talara;Pariñas;Internacional Cap. FAP. Victor Montes Arias;Aeropuerto Internacional;SPYL;Internacional;Operativo;Aeropuertos del Perú S.A.;Nacional;Pública (Concesionada);-4.576611111;-81.25405833
San Martín;San Martín;Tarapoto;Cadete FAP. Guillermo del Castillo Paredes;Aeropuerto;SPST;Nacional;Operativo;Aeropuertos del Perú S.A.;Nacional;Pública (Concesionada);-6.508744;-76.373247
Huánuco;Leoncio Prado;Rupa Rupa;Tingo María;Aeropuerto;SPGM;Regional;Operativo;CORPAC S.A.;Nacional;Pública;-9.289375;-76.005042
San Martín;Tocache;Tocache;Tocache;Aeródromo;SPCH;Regional;Operativo;CORPAC S.A.;Regional;Pública;-8.195431;-76.528667
La Libertad;Trujillo;Huanchaco;Cap. Carlos Martinez de Pinillos;Aeropuerto Internacional;SPRU;Internacional;Operativo;Aeropuertos del Perú S.A.;Nacional;Pública (Concesionada);-8.081708;-79.108644
La Libertad;Santiago De Chuco;Mollebamba;Tulpo;Aeródromo;SPTO;Local;Operativo;Municipalidad Distrital de Mollebamba;Local;Pública;-8.127278;-77.988181
Tumbes;Tumbes;Tumbes;Cap. FAP. Pedro Canga Rodríguez;Aeropuerto;SPME;Nacional;Operativo;Aeropuertos del Perú S.A.;Nacional;Pública (Concesionada);-3.552264;-80.381069
La Libertad;Pataz;Urpay;Urpay;Aeródromo;SPAI;Local;Operativo;Municipalidad Distrital de Urpay;Local;Pública;-8.350369;-77.398094
Pasco;Pasco;Vicco;Vicco;Aeródromo;SPVI;Local;Operativo;Municipalidad Distrital de Vicco;Local;Pública;-10.848792;-76.246836
Ayacucho;Vilcashuaman;Vilcashuaman;Vilcashuamán;Aeródromo;SPVN;Local;Operativo;CORPAC S.A.;Local;Pública;-13.678194;-73.927083
Cusco;Espinar;Yauri;Yauri;Aeródromo;SPIY;Local;Operativo;Municipalidad Provincial de Espinar;Local;Pública;-14.80638889;-71.43194444
Loreto;Alto Amazonas;Yurimaguas;Moisés Benzaquén Rengifo;Aeropuerto;SPMS;Regional;Operativo;CORPAC S.A.;Nacional;Pública;-5.893611;-76.118056
Piura;Morropón;Chulucanas;Metropolitano de Piura;Aeródromo;SPAL;Información no disponible;Operativo;Aeroclub de Aviación Civil del Perú;No aplica privados;Privada;-5.067777778;-80.14748889
Cusco;La Convención;Echarate;HP-7 (REPSOL);Helipuerto de superficie;SPNE;Información no disponible;Operativo;Repsol Exploración Perú S.A. Sucursal del Perú;No aplica privados;Privada;-11.55194444;-73.14694444
Lima;Lima;Miraflores;Clínica Delgado;Helipuerto Elevado;SPCD;Información no disponible;Operativo;Medic Ser S.A.C.;No aplica privados;Privada;-12.11354167;-77.03319167
Ayacucho;La Mar;Santa Rosa;Luisiana;Aeródromo;SPLU;Información no disponible;Operativo;Sr. Guillermo Parodi Morales;No aplica privados;Privada;-12.67497222;-73.70955556
Lima;Lima;San Borja;Banco de La Nación;Helipuerto Elevado;SPBN;Información no disponible;Operativo;Banco de la Nación;No aplica privados;Pública;-12.08718611;-77.000675
Ucayali;Coronel Portillo;Yarinacocha;Cashibococha;Aeródromo;SPCB;Información no disponible;Operativo;South América Mission Inc. Filial del Perú;No aplica privados;Privada;-8.361944444;-74.65680556
Cusco;La Convención;Echarate;Sagari Ax;Helipuerto de superficie;SPSG;Información no disponible;Operativo;Repsol Exploración Perú S.A. Sucursal del Perú;No aplica privados;Privada;-11.46402198;-73.31293349
Cusco;La Convención;Echarate;Cashiriari 1;Helipuerto de superficie;SPCA;Información no disponible;Operativo;Pluspetrol Perú Corporation S.A.;No aplica privados;Privada;-11.87449436;-72.73405224
Ucayali;Coronel Portillo;Yarinacocha;Adventista MOP;Aeródromo;SPYC;Información no disponible;Operativo;Asociacion Proyectos Peru;No aplica privados;Privada;-8.340427778;-74.59791389
Cusco;La Convención;Echarate;HP-7 Las Malvinas;Helipuerto de superficie;SPWL;Información no disponible;Operativo;Pluspetrol Perú Corporation S.A.;No aplica privados;Privada;-11.84822778;-72.93883889
Tumbes;Contralmirante Villar;Canoas de Punta Sal;Walter Braedt Segu;Aeródromo;SPWB;Información no disponible;Operativo;MANCORALAND S.A.C.;No aplica privados;Privada;-4.086797222;-81.02558333
Lima;Lima;Miraflores;Crnl. PNP. Rodolfo León Gavilán;Helipuerto de superficie;SPPC;Información no disponible;Operativo;Municipalidad Distrital de Miraflores;No aplica privados;Pública;-12.11961111;-77.04608889
Lima;Cañete;Nuevo Cañete;Revalora;Aeródromo;SPRR;Información no disponible;Operativo;REVALORA S.A.C.;No aplica privados;Privada;-13.22304167;-76.26936667
Lima;Lima;Santiago de Surco;Voces por el Clima;Helipuerto de superficie;SPVC;Información no disponible;Operativo;Heli-Abad S.A.C.;No aplica privados;Privada;-12.15291667;-77.01139167
Lima;Lima;San Juan de Lurigancho;Canto Grande;Helipuerto de superficie;SPCG;Información no disponible;Operativo;Heli-Abad S.A.C.;No aplica privados;Privada;-11.95897222;-76.99916944
Lima;Lima;Santiago de Surco;Proyecto More;Helipuerto de superficie;SPPR;Información no disponible;Operativo;Inmobiliara Huanwil S.A.;No aplica privados;Privada;-12.08298611;-76.967425
Lima;Lima;Puente Piedra;Proyecto AFE;Helipuerto de superficie;SPAF;Información no disponible;Operativo;AFE SERVICE S.A.C.;No aplica privados;Privada;-11.82842222;-77.09428611
Lima;Lima;San Bartolo;Municipal de San Bartolo Alm. Raul Vargas Fuller;Helipuerto de superficie;SPRT;Información no disponible;Operativo;Fly Acces Peru S.A.C.;No aplica privados;Privada;-12.38044444;-76.78372222
Lima;Cañete;Asia;Boulevard Asia;Helipuerto de superficie;SPBA;Información no disponible;Operativo;Inversiones Castelar S.A.C.;No aplica privados;Privada;-12.76010556;-76.60331944
Ica;Chincha;Alto Laran;La Calera;Helipuerto de superficie;SPCE;Información no disponible;Operativo;Heli-Abad S.A.C.;No aplica privados;Privada;-13.4541;-76.02863611
Lambayeque;Lambayeque;Olmos;Olmos;Aeródromo;SPOL;Información no disponible;Operativo;Inversiones Agricolas Olmos II S.A.C.;No aplica privados;Privada;-6.016666667;-80.08840833
Ucayali;Coronel Portillo;Yarinacocha;Las Americas;Aeródromo;SPLA;Información no disponible;Operativo;José Luis Popolizio Bardales;No aplica privados;Privada;-8.317447222;-74.72666111
Ayacucho;Huamanga;Andres Avelino Caceres;Hospital Miguel Angel Mariscal Llerena de Ayacucho;Helipuerto Elevado;SPHA;Información no disponible;Operativo;Gobierno Regional de Ayacucho;Sin jerarquía;Pública;-13.162925;-74.20018889
Apurímac;Abancay;Carahuasi;Diospi Suyana;Helipuerto de superficie;SPDY;Información no disponible;Operativo;Asociación Civil Religiosa Diospi Suyana;No aplica privados;Privada;-13.54833333;-72.70972222
Lima;Lima;Santiago de Surco;Jockey Plaza Shoping Center;Helipuerto de superficie;SPJP;Información no disponible;Operativo;ECOCOPTER PERU S.A.;No aplica privados;Privada;-12.087225;-76.97660278
Ica;Ica;Pueblo Nuevo;La Portada;Helipuerto de superficie;SPPP;Información no disponible;Operativo;Heli-Abad S.A.C.;No aplica privados;Privada;-14.14417778;-75.64589167
La Libertad;Pacasmayo;Pacasmayo;Pacasmayo;Aeródromo;SPYO;Información no disponible;Operativo;Escuela Peruana de Aviación Civil S.A.;No aplica privados;Pública;-7.416425;-79.57021667
Loreto;Datem Del Marañón;Morona;Yankuntich;Aeródromo;SPYK;Información no disponible;Operativo;Federación de la Nacionalidad Achuar del Perú;Sin jerarquía;Pública;-2.922561111;-77.25788889
Loreto;Datem Del Marañón;Andoas;Wisum;Aeródromo;SPWR;Información no disponible;Operativo;Federación de la Nacionalidad Achuar del Perú;Sin jerarquía;Pública;-3.270952778;-77.02306944
Loreto;Requena;Puinahua;Bretaña;Helipuerto de superficie;SPBR;Información no disponible;Operativo;Petrotal Perú S.R.L.;No aplica privados;Privada;-5.245402778;-74.32930556
Apurímac;Cotabamba;Challhuahuacho;Helipuerto Unidad Minera Las Bambas;Helipuerto de superficie;SPMB;Información no disponible;Operativo;Minera Las Bambas S.A.;No aplica privados;Privada;-14.106639;-72.272306
