ID_DEPARTAMENTO;ID_PROVINCIA;ID_DISTRITO;LOCALIDAD;NOMBRE_TERMINAL;LABEL_TERMINAL;AMBITO;TIPO_TERMINAL;ALCANCE;USO;TRAFICO;ACTIVIDAD;ESTADO;TITULARIDAD;ADMINISTRADOR;LATITUD;LONGITUD
02;0211;021101;Huarmey;Punta Lobitos - Antamina;TP Punta Lobitos - Antamina;Marítimo;Terminal Portuario (Muelle);Regional;Privado;Minerales;Especializado;Operativo;Privado;CIA. MINERA ANTAMINA S.A.;-10.099826;-78.180808
02;0218;021801;Chimbote;Chimbote;TP Chimbote;Marítimo;Terminal Portuario (Muelle);Regional;Público;General;Multipropósito;Operativo;Público;GOBIERNO REGIONAL DE ANCASH;-9.074414;-78.610495
02;0218;021801;Chimbote;Multiboyas Chimbote;TP Multiboyas Chimbote;Marítimo;Terminal Portuario (Multiboyas);Regional;Privado;Hidrocarburos;Especializado;Operativo;Público;TERMINALES DEL PERÚ;-9.112037;-78.576418
02;0218;021801;Chimbote;Multiboyas Colpex - Chimbote;TP Multiboyas Colpex - Chimbote;Marítimo;Terminal Portuario (Multiboyas);Regional;Privado;Aceite de pescado;Especializado;Operativo;Privado;COLPEX INTERNATIONAL S.A.C.;-9.120388;-78.579279
02;0218;021801;Chimbote;Muelle Siderperú;TP Muelle Siderperú;Marítimo;Terminal Portuario (Muelle);Regional;Privado;Minerales;Especializado;Operativo;Público;SIDERPERU S.A.;-9.077477;-78.610528
02;0218;021807;Santa;Terminal Pesquero Casamar;Terminal Pesquero Casamar;Marítimo;Terminal Pesquero (Muelle);Nacional;Privado;-;Especializado;Operativo;Privado;CASAMAR S.A.C.;-9.255625;-78.497497
02;0218;021808;Chimbote;Pesquero Austral - Coishco;Terminal Pesquero Austral - Coishco;Marítimo;Terminal Pesquero;Nacional;Privado;-;Especializado;Operativo;Privado;AUSTRAL GROUP S.A.A.;-9.020787;-78.622498
04;0407;040701;Mollendo;MOLLENDO;TP MULTIBOYAS MOLLENDO;Marítimo;Terminal Portuario (Multiboyas);Nacional;Privado;Hidrocarburos;Especializado;Operativo;Público;PETROPERÚ S.A.;-17.039991;-72.006481
04;0407;040704;Matarani;MATARANI;TP MATARANI;Marítimo;Terminal Portuario (Muelle);Nacional;Público;Multipropósito;Multipropósito;Operativo;Público (Concesionado);TERMINAL INTERNACIONAL DEL SUR S.A.;-16.999169;-72.105933
04;0407;040701;Mollendo;MONTE AZUL;TP MULTIBOYAS MONTE AZUL;Marítimo;Terminal Portuario (Multiboyas);Nacional;Privado;Hidrocarburos;Especializado;Operativo;Privado;MONTE AZUL LOGÍSTICA S.A.C;-17.043903;-72.001541
07;0701;070101;Callao;CALLAO (TERM.EMB.DE CONCENT.DE MINERALES);TP CALLAO (TERMINAL DE EMBARQUE DE CONCENTRADO DE MINERALES);Marítimo;Terminal Portuario (Muelle);Nacional;Público;Concentrado de minerales;Especializado;Operativo;Público (Concesionado);TRANSPORTADORA CALLAO S.A.;-12.04175;-77.149347
07;0701;070101;Callao;CALLAO (TERMINAL DE CONTENEDORES-M.SUR);TP CALLAO (TERMINAL DE CONTENEDORES MUELLE SUR);Marítimo;Terminal Portuario (Muelle);Nacional;Público;Contenedores;Especializado;Operativo;Público (Concesionado);DP WORLD CALLAO S.R.L.;-12.056375;-77.148605
07;0701;070101;Callao;CALLAO (TERMINAL MULTIPROPÓSITO MUELLE NORTE );TP CALLAO (TERMINAL MULTIPROPÓSITO MUELLE NORTE );Marítimo;Terminal Portuario (Muelle);Nacional;Público;General, graneles y contenedores;Multipropósito;Operativo;Público (Concesionado);APM TERMINALS CALLAO S.A.;-12.045592;-77.144473
07;0701;070101;Callao;MUELLE DE CAPITANES;EMBARCADERO MUELLE DE CAPITANES;Maritimo;Embarcadero;Regional;Público;Pasajeros;Especializado;Operativo;Público;ESTADO PERUANO (En trámite);-12.058126;-77.14973
07;0701;070101;Ventanilla;MULTIBOYAS VALERO PERÚ;TP MULTIBOYAS VALERO PERÚ S.A.C.;Marítimo;Terminal Portuario (Multiboyas);Nacional;Privado;Bio Diesel;Especializado;Operativo;Privado;VALERO PERÚ S.A.C.;-11.954117;-77.148318
07;0701;070101;Ventanilla;QUIMPAC;TP MULTIBOYAS QUIMPAC - OQUENDO;Marítimo;Terminal Portuario (Multiboyas);Nacional;Privado;Químicos;Especializado;Operativo;Privado;QUIMPAC S.A.;-11.973016;-77.156383
07;0701;070101;Ventanilla;REPSOL GAS;TP MULTIBOYAS SOLGAS -VENTANILLA;Marítimo;Terminal Portuario (Multiboyas);Nacional;Privado;Gas Licuado de Petroleo (GLP);Especializado;Operativo;Privado;SOLGAS S.A.;-11.938233;-77.169762
07;0701;070101;Ventanilla;SUDAMERICANA DE FIBRAS;TP MULTIBOYAS SUDAMERICANA DE FIBRAS;Marítimo;Terminal Portuario (Multiboyas);Nacional;Privado;Químicos;Especializado;Operativo;Privado;SUDAMERICANA DE FIBRAS S.A.;-11.981781;-77.156719
07;0701;070101;Ventanilla;TRALSA;TP MULTIBOYAS TRALSA;Marítimo;Terminal Portuario (Multiboyas);Nacional;Privado;Químicos;Especializado;Operativo;Privado;TRALSA S.A.;-11.968273;-77.154053
07;0701;070101;Ventanilla;ZETA GAS ANDINO;TP MULTIBOYAS ZETA GAS ANDINO;Marítimo;Terminal Portuario (Multiboyas);Nacional;Privado;Gas Licuado de Petroleo (GLP);Especializado;Operativo;Privado;ZETA GAS ANDINO S.A.;-11.988575;-77.159648
07;0701;070106;Ventanilla;LA PAMPILLA REPSOL;TP MULTIBOYAS REFINERÍA REPSOL - LA PAMPILLA;Marítimo;Terminal Portuario (Multiboyas);Nacional;Privado;Hidrocarburos;Especializado;Operativo;Privado;REFINERIA LA PAMPILLA S.A.;-11.917313;-77.16177
11;1103;110304;San Nicolás;SHOUGAN HIERRO PERÚ;TP SHOUGANG HIERRO PERÚ;Marítimo;Terminal Portuario (Muelle);Nacional;Privado;Minerales;Especializado;Operativo;Privado;SHOUGANG HIERRO PERÚ S.A.A.;-15.254444;-75.241667
11;1105;110501;Pisco;PISCO;TP MULTIBOYAS PISCO;Marítimo;Terminal Portuario (Multiboyas);Nacional;Privado;Hidrocarburos;Especializado;Operativo;Público;PETROPERÚ S.A.;-13.747462;-76.228457
11;1105;110501;Pisco;PLUSPETROL - PISCO;TP PLUSPETROL - PISCO;Marítimo;Terminal Portuario (Muelle Dolphin);Nacional;Privado;Hidrocarburos;Especializado;Operativo;Privado;PLUSPETROL PERU CORPORATION S.A.;-13.768114;-76.265108
11;1105;110505;Paracas;GENERAL SAN MARTÍN - PISCO;TP GENERAL SAN MARTÍN;Marítimo;Terminal Portuario (Muelle);Nacional;Público;Multipropósito;Multipropósito;Operativo;Público (Concesionado);TERMINAL PORTUARIO PARACAS S.A.;-13.803056;-76.291667
11;1103;110304;Marcona;MINA JUSTA;TP MULTIBOYAS MINA JUSTA;Marítimo;Terminal Portuario (Multiboyas);Nacional;Privado;Ácido Sulfúrico;Especializado;Operativo;Privado;MARCOBRE S.A.C;-15.339069;-75.173676
13;1301;130109;Salaverry;SALAVERRY;TP MULTIPROPÓSITO DE SALAVERRY;Marítimo;Terminal Portuario (Muelle);Nacional;Público;General;Multipropósito;Operativo;Público (Concesionado);SALAVERRY TERMINAL INTERNACIONAL S.A.;-8.226123;-78.982365
13;1301;130109;Salaverry;SALAVERRY;TP MULTIBOYAS SALAVERRY;Marítimo;Terminal Portuario (Multiboyas);Nacional;Privado;Hidrocarburos;Especializado;Operativo;Privado;TERMINALES DEL PERÚ;-8.216097;-78.991793
14;1401;140104;Eten;ETEN;TP MULTIBOYAS ETEN;Marítimo;Terminal Portuario (Multiboyas);Regional;Privado;Hidrocarburos;Especializado;Operativo;Público;TERMINALES DEL PERÚ;-6.966771;-79.861059
15;1501;150119;Lurín;UNIÓN ANDINA DE CEMENTOS;TP UNIÓN ANDINA DE CEMENTOS;Marítimo;Terminal Portuario (Muelle);Nacional;Privado;Granel sólido;Especializado;Operativo;Privado;UNIÓN ANDINA DE CEMENTOS S.A.A (UNACEM PERÚ);-12.252882;-76.938825
15;1501;150142;Lurín;CONCHÁN;TP MULTIBOYAS CONCHÁN;Marítimo;Terminal Portuario (Multiboyas);Nacional;Privado;Hidrocarburos;Especializado;Operativo;Público;PETROPERÚ S.A.;-12.259776;-76.931205
15;1502;150202;Paramonga;QUIMPAC;TP MULTIBOYAS QUIMPAC - PARAMONGA;Marítimo;Terminal Portuario (Multiboyas);Regional;Privado;Químicos;Especializado;Operativo;Privado;QUIMPAC S.A.;-10.676995;-77.834807
15;1502;150205;Supe;COLPEX - SUPE;TP MULTIBOYAS COLPEX - SUPE;Marítimo;Terminal Portuario (Multiboyas);Regional;Privado;Aceite de pescado;Especializado;Operativo;Privado;COLPEX INTERNATIONAL S.A.C.;-10.797864;-77.745623
15;1502;150205;Supe;SUPE;TP MULTIBOYAS SUPE;Marítimo;Terminal Portuario (Multiboyas);Regional;Privado;Hidrocarburos;Especializado;Operativo;Público;TERMINALES DEL PERÚ;-10.796035;-77.746992
15;1505;150501;Cañete;PERÚ LNG MELCHORITA;TP PERÚ LNG MELCHORITA;Marítimo;Terminal Portuario (Muelle Dolphin);Nacional;Privado;Gas;Especializado;Operativo;Privado;PERÚ LNG S.R.L.;-13.264478;-76.31331
15;1506;150605;Chancay;BLUE PACIFIC OILS;TP MULTIBOYAS BLUE PACIFIC OILS - CHANCAY;Marítimo;Terminal Portuario (Multiboyas);Nacional;Privado;Aceite de pescado;Especializado;Operativo;Privado;BLUE PACIFIC OILS S.A.C;-11.581667;-77.270278
16;1601;160107;Santa Clotilde;SANTA CLOTILDE;EMBARCADERO SANTA CLOTILDE;Fluvial;Embarcadero;Regional;Público;General;Multipropósito;Operativo;Público;MUNICIPALIDAD DISTRITAL DE NAPO;-2.486741;-73.678822
16;1601;160108;Iquitos;EXPLORACIONES AMAZÓNICAS;EMBARCADERO EXPLORACIONES AMAZÓNICAS;Fluvial;Embarcadero;Regional;Privado;Pasajeros;Especializado;Operativo;Privado;EXPLORACIONES AMAZONICAS S.A.;-3.738527;-73.240353
16;1601;160108;Iquitos;GLP AMAZONICO;TP GLP AMAZONICO;Fluvial;Terminal Portuario (Embarcadero);Nacional;Privado;Gas;Especializado;Operativo;Privado;GLP AMAZÓNICO S.A.C.;-3.780009;-73.341136
16;1601;160108;Iquitos;IQUITOS;TP IQUITOS;Fluvial;Terminal Portuario (Muelle Flotante);Nacional;Público;General;Multipropósito;Operativo;Público;ENAPU S.A.;-3.730464;-73.238476
16;1601;160108;Iquitos;MARIO DA COSTA MANZUR;TP MARIO DA COSTA MANZUR;Fluvial;Embarcadero;Nacional;Privado;General;Multipropósito;Operativo;Privado;MARIO CESAR DA COSTA MANZUR E.I.R.L.;-3.721838;-73.239266
16;1601;160108;Iquitos;MERCADO MAYORISTA BELEN;EMBARCADERO MERCADO MAYORISTA BELÉN;Fluvial;Embarcadero;Regional;Público;General;Multipropósito;Operativo;Público;MINISTERIO DE LA PRODUCCION;-3.767458;-73.254649
16;1601;160108;Iquitos;MOROCHITA;EMBARCADERO MOROCHITA;Fluvial;Embarcadero;Regional;Publico;General;Multipropósito;Operativo;Privado;NAVIERA FLUVIAL MOROCHITA S.R.L.;-3.72001;-73.239024
16;1601;160108;Iquitos;PETROPERÚ - IQUITOS;TP PETROPERÚ - IQUITOS;Fluvial;Terminal Portuario (Muelle Flotante);Nacional;Privado;Hidrocarburos;Especializado;Operativo;Público;PETROPERÚ S.A.;-3.634;-73.203
16;1601;160108;Iquitos;SERVICIOS Y EQUIPOS AMAZÓNICOS;EMBARCADERO SERVICIOS Y EQUIPOS AMAZÓNICOS;Fluvial;Embarcadero;Regional;Publico;General;Multipropósito;Operativo;Privado;SERVICIOS Y EQUIPOS AMAZÓNICOS S.A.C.;-3.736558;-73.240219
16;1601;160108;Iquitos;TP TRIPLAY MARTÍN SAC;EMBARCADERO TRIPLAY MARTÍN SAC;Fluvial;Embarcadero;Regional;Publico;General;Multipropósito;Operativo;Privado;TRIPLAY MARTIN S.A.C;-3.725389;-73.239363
16;1601;160108;Iquitos;TRANS LINARES;EMBARCADERO TRANS LINARES;Fluvial;Embarcadero;Regional;Publico;General;Multipropósito;Operativo;Privado;TRANS LINARES S.R.L.;-3.74167;-73.239238
16;1601;160108;Iquitos;"TRANSPORTE FLUVIAL ""JV""";"EMBARCADERO TRANSPORTE FLUVIAL ""JV""";Fluvial;Embarcadero;Regional;Publico;General;Multipropósito;Operativo;Privado;"TRANSPORTE FLUVIAL ""JV"" E.I.R.L.";-3.740669;-73.240442
16;1601;160108;Iquitos;TRANSPORTES JÚPITER;EMBARCADERO TRANSPORTE JÚPITER;Fluvial;Embarcadero;Regional;Publico;General;Multipropósito;Operativo;Privado;TRANSPORTES JUPITER S.R.L.;-3.72443;-73.239446
16;1601;160108;Iquitos;TURISTICO DE IQUITOS - EL HUEQUITO;EMBARCADERO TURÍSTICO DE IQUITOS - EL HUEQUITO;Fluvial;Embarcadero;Regional;Publico;Pasajeros (turistas);Especializado;Operativo;Público;GOBIERNO REGIONAL DE LORETO;-3.740056;-73.240665
16;1601;160110;Campo Serio;CAMPO SERIO;EMBARCADERO CAMPO SERIO;Fluvial;Embarcadero;Regional;Público;General;Multipropósito;Operativo;Público;MUNICIPALIDAD DISTRITAL DE TORRES CAUSANA;-1.795726;-74.70579
16;1602;160201;Yurimaguas;FLOR DE CAFÉ;EMBARCADERO FLOR DE CAFÉ;Fluvial;Embarcadero;Regional;Público;Material de Acarreo y Construcción;Especializado;Operativo;Privado;INVERSIONES FLOR DE CAFÉ S.A.C.;-5.896371;-76.102335
16;1602;160201;Yurimaguas;PETROPERÚ - YURIMAGUAS;TP PETROPERÚ - YURIMAGUAS;Fluvial;Terminal Portuario (Muelle Flotante);Nacional;Privado;Hidrocarburos;Especializado;Operativo;Público;PETROPERÚ S.A.;-5.884866;-76.106775
16;1602;160201;Yurimaguas;YURIMAGUAS;TP YURIMAGUAS - ENAPU;Fluvial;Terminal Portuario (Muelle Flotante);Nacional;Público;General;Multipropósito;Operativo;Público;ENAPU S.A.;-5.885671;-76.106205
16;1602;160201;Yurimaguas;YURIMAGUAS - NUEVA REFORMA;TP YURIMAGUAS - NUEVA REFORMA;Fluvial;Terminal Portuario (Muelle);Nacional;Público;General;Multipropósito;Operativo;Público (Concesionado);CONCESIONARIA PUERTO AMAZONAS S.A.;-5.85013;-76.16205
16;1603;160301;NAUTA;AQUA EXPEDITIONS;TP AQUA EXPEDITIONS;Fluvial;Embarcadero;Regional;Privado;Pasajeros;Especializado;Operativo;Privado;AQUA EXPEDITIONS S.A.C.;-4.512996;-73.580378
16;1603;160301;Bretaña;LOTE 95 – BRETAÑA;TP FLUVIAL LOTE 95 – BRETAÑA;Fluvial;Embarcadero;Regional;Privado;Hidrocarburos y carga general;Multipropósito;Operativo;Privado;PETROTAL PERU S.R.L.;-5.242733;-74.328695
16;1603;160304;Villa Trompeteros O Maynas o Nauta;VILLA TROMPETEROS;TP PLUSPETROL - VILLA TROMPETEROS;Fluvial;Embarcadero;Regional;Privado;Hidrocarburos;Especializado;Operativo;Privado;PLUSPETROL NORTE S.A.;-3.811562;-75.06011
16;1603;160305;San José de Saramuro;PETROPERÚ-SAN JOSÉ DE SARAMURO (ESTAC.1);TP PETROPERÚ - SAN JOSÉ DE SARAMURO (ESTACIÓN 1);Fluvial;Terminal Portuario (Embarcadero);Regional;Privado;Hidrocarburos;Especializado;Operativo;Público;PETROPERÚ S.A.;-4.720026;-74.920171
16;1604;160402;Pebas;PEBAS;EMBARCADERO PEBAS;Fluvial;Embarcadero;Regional;Público;General;Multipropósito;Operativo;Público;MUNICIPALIDAD DISTRITAL DE PEBAS;-3.324921;-71.849393
16;1604;160403;Islandia;ISLANDIA;EMBARCADERO ISLANDIA;Fluvial;Embarcadero;Regional;Público;General;Multipropósito;Operativo;Público;MUNICIPALIDAD DISTRITAL DE YARAVI;-4.373197;-70.026056
16;1604;160404;San Pablo de Loreto;SAN PABLO;EMBARCADERO SAN PABLO;Fluvial;Embarcadero;Regional;Público;General;Multipropósito;Operativo;Público;GOBIERNO REGIONAL DE LORETO;-4.018067;-71.101825
16;1605;160501;Requena;REQUENA;TP REQUENA;Fluvial;Embarcadero;Regional;Público;General;Multipropósito;Operativo;Público;MUNICIPALIDAD PROVINCIAL DE REQUENA;-5.041397;-73.840519
16;1606;160601;Contamana;CONTAMANA;EMBARCADERO CONTAMANA;Fluvial;Embarcadero;Regional;Público;General;Multipropósito;Operativo;Público;GOBIERNO REGIONAL DE LORETO;-7.354394;-75.005442
16;1606;160601;Contamana;MAPLE - CONTAMANA;TP MAPLE - CONTAMANA;Fluvial;Embarcadero;Regional;Privado;Hidrocarburos;Especializado;Operativo;Privado;THE MAPLE GAS CORPORATION DEL PERÚ S.R.L.;-7.383006;-74.967317
16;1607;160703;Borja;PETROPERÚ - MORONA;TP PETROPERÚ - MORONA;Fluvial;Terminal Portuario (Embarcadero);Regional;Privado;Hidrocarburos;Especializado;Operativo;Público;PETROPERÚ S.A.;-3.979753;-77.223527
16;1607;160703;Saramiriza;PETROPERÚ - SARAMIRIZA (ESTACIÓN 5);TP PETROPERÙ - SARAMIRIZA (ESTACIÓN 5);Fluvial;Terminal Portuario (Embarcadero);Regional;Privado;Hidrocarburos;Especializado;Operativo;Público;PETROPERÚ S.A.;-4.565405;-77.412695
16;1607;160706;Andoas;PETROPERÚ - ANDOAS;TP PETROPERÚ - ANDOAS;Fluvial;Terminal Portuario (Muelle Flotante);Regional;Privado;Hidrocarburos;Especializado;Operativo;Público;PETROPERÚ S.A.;-2.804711;-76.45618
16;1607;160706;Andoas;PLUSPETROL - ANDOAS;TP PLUSPETROL - ANDOAS;Fluvial;Embarcadero;Regional;Privado;Hidrocarburos;Especializado;Operativo;Privado;PLUSPETROL NORTE S.A.;-2.811223;-76.45513
16;1608;160801;El Estrecho;EL ESTRECHO;EMBARCADERO EL ESTRECHO;Fluvial;Embarcadero;Regional;Público;General;Multipropósito;Operativo;Público;MUNICIPALIDAD DISTRITAL DE PUTUMAYO;-2.447261;-72.671278
16;1608;160801;Santa Mercedes;SANTA MERCEDES;EMBARCADERO SANTA MERCEDES;Fluvial;Embarcadero;Regional;Público;General;Multipropósito;Operativo;Público;MUNICIPALIDAD DISTRITAL DE PUTUMAYO;-1.787951;-73.412308
16;1608;160803;Nueva Angusilla;NUEVA ANGUSILLA;EMBARCADERO NUEVA ANGUSILLA;Fluvial;Embarcadero;Regional;Público;General;Multipropósito;Operativo;Público;MUNICIPALIDAD DISTRITAL DE TENIENTE MANUEL CLAVERO;-0.898533;-74.31025
16;1608;160803;Nueva Esperanza;NUEVA ESPERANZA;EMBARCADERO NUEVA ESPERANZA;Fluvial;Embarcadero;Regional;Público;General;Multipropósito;Operativo;Público;MUNICIPALIDAD DISTRITAL DE TENIENTE MANUEL CLAVERO;-0.993323;-74.254429
16;1608;160803;Soplin Vargas;SOPLIN VARGAS;EMBARCADERO SOPLÍN VARGAS;Fluvial;Embarcadero;Regional;Público;General;Multipropósito;Operativo;Público;MUNICIPALIDAD DISTRITAL DE TENIENTE MANUEL CLAVERO;-0.37281;-74.673459
16;1608;160803;Tres Fronteras;TRES FRONTERAS;EMBARCADERO TRES FRONTERAS;Fluvial;Embarcadero;Regional;Público;General;Multipropósito;Operativo;Público;MUNICIPALIDAD DISTRITAL DE TENIENTE MANUEL CLAVERO;-0.11774;-75.253754
17;1701;170101;Puerto Maldonado;PUERTO MALDONADO;TP PUERTO MALDONADO;Fluvial;Terminal Portuario (Embarcadero);Regional;Público;General;Multipropósito;Operativo;Público;ENAPU S.A.;-12.593486;-69.173273
18;1803;180301;Ilo;ENGIE (EX ENERSUR);TP ENGIE;Marítimo;Terminal Portuario (Muelle);Nacional;Privado;Minerales;Especializado;Operativo;Privado;ENGIE ENERGÍA PERÚ S.A.;-17.773364;-71.19049
18;1803;180301;Ilo;ILO;TP ILO;Marítimo;Terminal Portuario (Muelle);Nacional;Público;Multipropósito;Multipropósito;Operativo;Público;ENAPU S.A.;-17.644625;-71.34835
18;1803;180301;Ilo;ILO;TP MULTIBOYAS ILO;Marítimo;Terminal Portuario (Multiboyas);Nacional;Privado;Hidrocarburos;Especializado;Operativo;Público;PETROPERÚ S.A.;-17.634989;-71.343799
18;1803;180301;Pacocha;MULTIBOYAS TABLONES;TP MULTIBOYAS TABLONES;Marítimo;Terminal Portuario (Multiboyas);Nacional;Privado;Hidrocarburos;Especializado;Operativo;Privado;SOUTHERN PERÚ COPPER CORPORATIÓN – Sucursal del Perú;-17.502464;-71.363713
18;1803;180301;Pacocha;TABLONES (MARINE);TP TABLONES;Marítimo;Terminal Portuario (Muelle);Nacional;Privado;Ácido Sulfúrico;Especializado;Operativo;Privado;SOUTHERN PERÚ COPPER CORPORATIÓN – Sucursal del Perú;-17.509486;-71.365908
18;1803;180301;Cata Cata;TLT;TP MULTIBOYAS TLT;Marítimo;Terminal Portuario (Multiboyas);Nacional;Privado;Granel líquido;Especializado;Operativo;Privado;TRABAJOS MARÍTIMOS S.A;-17.67141;-71.367689
18;1803;180303;Ilo;SOUTHERN PERÚ;TP SOUTHERN PERÚ;Marítimo;Terminal Portuario (Muelle);Nacional;Privado;Multipropósito;Multipropósito;Operativo;Privado;SOUTHERN PERÚ COPPER CORPORATIÓN – Sucursal del Perú;-17.65;-71.349974
20;2005;200501;Paita;PAITA;TP PAITA;Marítimo;Terminal Portuario (Muelle);Nacional;Público;General;Multipropósito;Operativo;Público (Concesionado);TP EUROANDINOS PAITA S.A.;-5.082921;-81.105268
20;2005;200501;Paita;PAITA- PENTA TANKS TERMINALS;TP MULTIBOYAS PAITA - PENTA TANKS TERMINALS;Marítimo;Terminal Portuario (Multiboyas);Nacional;Privado;Hidrocarburos;Especializado;Operativo;Privado;PENTA TANKS TERMINALS S.A.;-5.077604;-81.084692
20;2005;200501;Paita;PESQUERO INDUSTRIAL ESTACIÓN NAVAL DE PAITA;ESTABLECIMIENTO PESQUERO INDUSTRIAL ESTACIÓN NAVAL DE PAITA;Marítimo;Terminal Portuario (Muelle);Nacional;Privado;-;Especializado;Operativo;Privado;MARINA DE GUERRA DEL PERÚ;-5.074656;-81.122097
20;2005;200501;Talara;TORTUGA;EMBARCADERO MUELLE TORTUGA;Marítimo;Embarcadero;Regional;Privado;General;Multipropósito;Operativo;Privado;SAVIA PERÚ S.A.;-4.573143;-81.276758
20;2007;200701;Talara;HIBRIDO MU2;TP MUELLE HIBRIDO MU2;Maritimo;Terminal Portuario (Muelle);Nacional;Privado;Hidrocarburos;Especializado;Operativo;Público;PETROPERÚ S.A.;-4.573572;-81.279481
20;2007;200701;Talara;MC DONALD;EMBARCADERO MUELLE MC DONALD;Marítimo;Embarcadero;Regional;Privado;General;Multipropósito;Operativo;Privado;SAVIA PERÚ S.A.;-4.572097;-81.275295
20;2007;200701;Talara;PARCELA 25;EMBARCADERO MUELLE PARCELA 25;Marítimo;Embarcadero;Regional;Privado;General;Multipropósito;Operativo;Privado;SAVIA PERÚ S.A.;-4.56777;-81.276793
20;2007;200701;Punta Arenas;PUNTA ARENAS;TP MULTIBOYAS PUNTA ARENAS;Marítimo;Terminal Portuario (Multiboyas);Nacional;Privado;Hidrocarburos;Especializado;Operativo;Público;PETROPERÚ S.A.;-4.58382;-81.302488
20;2007;200701;Talara;REFINERÍA TALARA;TP REFINERÍA TALARA;Marítimo;Terminal Portuario (Muelle);Nacional;Privado;Hidrocarburos;Especializado;Operativo;Público;PETROPERÚ S.A.;-4.573965;-81.282724
20;2007;200703;Negritos;LA BREA Y NEGRITOS;TP MULTIBOYAS LA BREA Y NEGRITOS;Marítimo;Terminal Multiboyas;Regional;Privado;Hidrocarburos;Especializado;Operativo;Privado;SAVIA PERÚ S.A.;-4.646493;-81.324586
20;2008;200801;Bayóvar;BAYOVAR (EX JUAN PABLO QUAY);TP PUERTO DE BAYÓVAR;Marítimo;Terminal Portuario (Muelle);Nacional;Privado;Minerales;Especializado;Operativo;Privado;PUERTO BAYÓVAR S.A.C.;-5.816187;-81.040915
20;2008;200801;Bayóvar;MISKY MAYO;TP MISKY MAYO;Marítimo;Terminal Portuario (Muelle);Nacional;Privado;Minerales;Especializado;Operativo;Privado;COMPAÑÍA MINERA MISKI MAYO S.R.L.;-5.800997;-81.047936
20;2008;200801;Bayóvar;PETROPERÚ - BAYÓVAR;TP PETROPERÚ - BAYÓVAR;Marítimo;Terminal Portuario (Muelle);Nacional;Privado;Hidrocarburos;Especializado;Operativo;Público;PETROPERÚ S.A.;-5.795624;-81.055302
20;2008;200805;San Pedro;SAN PEDRO 1;TP MULTIBOYAS SAN PEDRO 1;Marítimo;Terminal Multiboyas;Nacional;Privado;Hidrocarburos;Especializado;Operativo;Privado;SAVIA PERÚ S.A.;-5.587167;-81.092833
21;2101;210101;Puno;FERROVÌAS - PUNO;TP FERROVIAS - PUNO;Lacustre;Embarcadero;Regional;Público;General;Multipropósito;Operativo;Privado;FERROVÍAS S.A.;-15.836433;-70.014939
21;2101;210101;Puno;PUNO;TP PUNO;Lacustre;Embarcadero;Regional;Público;General;Multipropósito;Operativo;Público;GOBIERNO REGIONAL DE PUNO;-15.835167;-70.014542
21;2104;210401;Juli;JULI;TP JULI;Lacustre;Embarcadero;Regional;Público;General;Multipropósito;Operativo;Público;MUNICIPALIDAD PROVINCIAL DE JULI;-16.201641;-69.461195
24;2402;240201;Zorritos;BPZ ALBACORA;TP MULTIBOYAS BPZ ALBACORA;Marítimo;Terminal Portuario (Multiboyas);Regional;Privado;Hidrocarburos;Especializado;Operativo;Privado;BPZ EXPLORACIÓN & PRODUCCIÓN SRL;-3.576136;-80.709994
24;2402;240201;Zorritos;BPZ CORVINA;TP MULTIBOYAS BPZ CORVINA;Marítimo;Terminal Portuario (Multiboyas);Regional;Privado;Hidrocarburos;Especializado;Operativo;Privado;BPZ EXPLORACIÓN & PRODUCCIÓN SRL;-3.591922;-80.745161
25;2501;250107;Pucallpa;ALPICARGO;EMBARCADERO ALPICARGO SAC;Fluvial;Embarcadero;Regional;Publico;General;Multipropósito;Operativo;Privado;ALPI CARGO S.A.C;-8.380102;-74.524097
25;2501;250107;Pucallpa;LOGÍSTICA PERUANA DEL ORIENTE PUCALLPA;TP LOGÍSTICA PERUANA DEL ORIENTE DE PUCALLPA;Fluvial;Terminal Portuario (Muelle);Nacional;Público;General;Multipropósito;Operativo;Privado;LOGISTICA PERUANA DEL ORIENTE S.A.;-8.382419;-74.525686
25;2501;250107;Pucallpa;MAPLE - PUCALLPA;TP MAPLE - PUCALLPA;Fluvial;Embarcadero;Regional;Privado;Hidrocarburos;Especializado;Operativo;Privado;THE MAPLE GAS CORPORATION DEL PERÚ S.R.L.;-8.390285;-74.528889
25;2501;250107;Pucallpillo;MAPLE - PUCALLPILLO;TP MAPLE - PUCALLPILLO;Fluvial;Embarcadero;Regional;Privado;Hidrocarburos;Especializado;Operativo;Privado;THE MAPLE GAS CORPORATION DEL PERÚ S.R.L.;-8.453394;-74.506122
25;2501;250107;Pucallpa;TERRANOVA;TP TERRANOVA;Fluvial;Embarcadero;Regional;Publico;General;Especializado;Operativo;Privado;TERRANOVA E.I.R.L.;-8.383761;-74.522818
25;2501;250107;Pucallpa;TRANSTOTAL LOGÍSTICA SELVA S.A;TP TRANSTOTAL LOGÍSTICA SELVA;Fluvial;Embarcadero;Regional;Público;General;Multipropósito;Operativo;Privado;TRANSTOTAL LOGÍSTICA SELVA S.A.;-8.381209;-74.525551
25;2501;250107;Pucallpa;Logística Peruana del Oriente de Pucallpa;TP LPO;Fluvial;Terminal Portuario (Muelle);Nacional;Público;General;Multipropósito;Operativo;Privado;LOGISTICA PERUANA DEL ORIENTE S.A.;-8.382419;-74.525686
20;2007;200701;Talara;Muelle Hibrido MU2;TP Muelle Hibrido MU2;Marítimo;Terminal Portuario (Muelle);Nacional;Privado;Hidrocarburos;Especializado;Operativo;Público;PETROPERÚ S.A.;-4.574286;-81.279124
07;0701;070101;Callao;Muelle de Capitanes;Embarcadero Muelle de Capitanes;Marítimo;Embarcadero;Regional;Público;Pasajeros;Especializado;Operativo;Público;ESTADO PERUANO;-12.058126;-77.14973
11;1103;110304;Acari;Multiboyas Mina Justa;TP Multiboyas Mina Justa;Marítimo;Terminal Portuario (Multiboyas);Nacional;Privado;Ácido Sulfúrico;Especializado;Operativo;Privado;MARCOBRE S.A.C;-15.339069;-75.173676
16;1604;160403;Islandia;Islandia;Embarcadero Islandia;Fluvial;Embarcadero;Regional;Público;General;Multipropósito;Operativo;Público;MUNICIPALIDAD DISTRITAL DE YARAVI;-4.373197;-70.026056
16;1608;160801;Santa Mercedes;Santa Mercedes;Embarcadero Santa Mercedes;Fluvial;Embarcadero;Regional;Público;General;Multipropósito;Operativo;Público;MUNICIPALIDAD DISTRITAL DE PUTUMAYO;-1.787951;-73.412308
16;1608;160803;Soplin Vargas;Soplín Vargas;Embarcadero Soplín Vargas;Fluvial;Embarcadero;Regional;Público;General;Multipropósito;Operativo;Público;MUNICIPALIDAD DISTRITAL DE TENIENTE MANUEL CLAVERO;-0.372338;-74.674665
16;1608;160803;Nueva Angusilla;Nueva Angusilla;Embarcadero Nueva Angusilla;Fluvial;Embarcadero;Regional;Público;General;Multipropósito;Operativo;Público;MUNICIPALIDAD DISTRITAL DE TENIENTE MANUEL CLAVERO;-0.8984;-74.310492
16;1601;160108;Iquitos;Turístico de Iquitos - El Huequito;Embarcadero Turístico de Iquitos - El Huequito;Fluvial;Embarcadero;Regional;Público;Pasajeros (turistas);Especializado;Operativo;Público;GOBIERNO REGIONAL DE LORETO;-3.740056;-73.240665
20;2005;200501;Paita;Estación Naval de Paita;Establecimiento Pesquero Industrial Estación Naval de Paita;Marítimo;Terminal Pesquero (Muelle);Nacional;Privado;-;Especializado;Operativo;Privado;MARINA DE GUERRA DEL PERÚ;-5.074656;-81.122097
04;0407;040701;Mollendo;Multiboyas Monte Azul;TP Multiboyas Monte Azul;Marítimo;Terminal Portuario (Multiboyas);Nacional;Privado;Hidrocarburos;Especializado;Operativo;Privado;MONTE AZUL LOGÍSTICA S.A.C;-17.043903;-72.001541
16;1604;160403;Santa Rosa;Santa Rosa;Embarcadero Santa Rosa;Fluvial;Embarcadero;Regional;Público;Pasajeros;Especializado;Operativo;Privado;Consorcio TP Santa Rosa;-4.219705;-69.954226
16;1601;160108;Iquitos;COMANA S.A.C;Embarcadero Fluvial COMANA S.A.C;Fluvial;Embarcadero;Regional;Privado;Madera;Especializado;Operativo;Privado;COMPLEJO MADERERO NANAY SAC;-3.638577;-73.220079
02;0218;021808;Chimbote;Pesquero Austral - Coishco;Terminal Pesquero Austral - Coishco;Marítimo;Terminal Pesquero (Muelle);Nacional;Privado;-;Especializado;Operativo;Privado;AUSTRAL GROUP S.A.A.;-9.020787;-78.622498
04;0407;040704;Matarani;Matarani;TP Matarani;Marítimo;Terminal Portuario (Muelle);Nacional;Público;Multipropósito;Multipropósito;Operativo;Público (Concesionado);TERMINAL INTERNACIONAL DEL SUR S.A.;-16.999169;-72.105933
20;2007;200703;Negritos;La Brea y Negritos;TP Multiboyas La Brea y Negritos;Marítimo;Terminal Portuario (Multiboyas);Regional;Privado;Hidrocarburos;Especializado;Operativo;Privado;SAVIA PERÚ S.A.;-4.646493;-81.324586
15;1508;150801;Huacho;Huacho;TP Huacho;Marítimo;Terminal Portuario;Regional;Público;General;Multipropósito;Operativo;Público;ENAPU S.A.;-11.117727;-77.616724
20;2008;200801;Bayóvar;Petroperú - Bayóvar;TP Petroperú - Bayóvar;Marítimo;Terminal Portuario (Muelle);Nacional;Privado;Hidrocarburos;Especializado;Operativo;Público;PETROPERÚ S.A.;-5.795624;-81.055302
02;0218;021807;Santa;Casamar;Terminal Pesquero Casamar;Marítimo;Terminal Pesquero (Muelle);Nacional;Privado;-;Especializado;Operativo;Privado;CASAMAR S.A.C.;-9.255625;-78.497497
07;0701;070101;Callao;Callao (Terminal de Contenedores Muelle Sur);TP Callao (Terminal de Contenedores Muelle Sur);Marítimo;Terminal Portuario (Muelle);Nacional;Público;Contenedores;Especializado;Operativo;Público (Concesionado);DP WORLD CALLAO S.R.L.;-12.056375;-77.148605
11;1105;110505;Paracas;General San Martín;TP General San Martín;Marítimo;Terminal Portuario (Muelle);Nacional;Público;Multipropósito;Multipropósito;Operativo;Público (Concesionado);TERMINAL PORTUARIO PARACAS S.A.;-13.803056;-76.291667
11;1103;110304;San Nicolás;Shougang Hierro Perú;TP Shougang Hierro Perú;Marítimo;Terminal Portuario (Muelle);Nacional;Privado;Minerales;Especializado;Operativo;Privado;SHOUGANG HIERRO PERÚ S.A.A.;-15.254444;-75.241667
16;1605;160501;Requena;Requena;TP Requena;Fluvial;Embarcadero;Regional;Público;General;Multipropósito;Operativo;Público;MUNICIPALIDAD PROVINCIAL DE REQUENA;-5.041397;-73.840519
16;1602;160201;Yurimaguas;Petroperú - Yurimaguas;TP Petroperú - Yurimaguas;Fluvial;Terminal Portuario (Muelle Flotante);Nacional;Privado;Hidrocarburos;Especializado;Operativo;Público;PETROPERÚ S.A.;-5.884866;-76.106775
16;1608;160803;Tres Fronteras;Tres Fronteras;Embarcadero Tres Fronteras;Fluvial;Embarcadero;Regional;Público;General;Multipropósito;Operativo;Público;MUNICIPALIDAD DISTRITAL DE TENIENTE MANUEL CLAVERO;-0.09495;-75.230633
16;1601;160110;Cabo Pantoja;Cabo Pantoja;Embarcadero Cabo Pantoja;Fluvial;Embarcadero;Regional;Público;General;Multipropósito;Operativo;Público;GOBIERNO REGIONAL DE LORETO;-0.966758;-75.174291
15;1502;150205;Supe;Supe;TP Supe;Marítimo;Terminal Portuario;Regional;Público;General;Multipropósito;Operativo;Público;ENAPU S.A.;-10.795381;-77.747097
20;2005;200501;Paita;Paita;TP Paita;Marítimo;Terminal Portuario (Muelle);Nacional;Público;General;Multipropósito;Operativo;Público (Concesionado);TP EUROANDINOS PAITA S.A.;-5.082921;-81.105268
20;2005;200501;Paita;Multiboyas Penta Tanks Terminals;TP Multiboyas Paita - Penta Tanks Terminals;Marítimo;Terminal Portuario (Multiboyas);Nacional;Privado;Hidrocarburos;Especializado;Operativo;Privado;PENTA TANKS TERMINALS S.A.;-5.077604;-81.084692
13;1301;130109;Salaverry;Multipropósito de Salaverry;TP Multipropósito de Salaverry;Marítimo;Terminal Portuario (Muelle);Nacional;Público;General;Multipropósito;Operativo;Público (Concesionado);SALAVERRY TERMINAL INTERNACIONAL S.A.;-8.226123;-78.982365
02;0218;021801;Chimbote;Chimbote;TP Chimbote;Marítimo;Terminal Portuario (Muelle);Regional;Público;General;Multipropósito;Operativo;Público;GOBIERNO REGIONAL DE ANCASH;-9.074414;-78.610495
18;1803;180301;Ilo;Ilo;TP Ilo;Marítimo;Terminal Portuario (Muelle);Nacional;Público;Multipropósito;Multipropósito;Operativo;Público;ENAPU S.A.;-17.644625;-71.34835
17;1701;170101;Puerto Maldonado;Puerto Maldonado;TP de Puerto Maldonado;Fluvial;Embarcadero;Regional;Público;General;Multipropósito;Operativo;Público;Gobierno Regional de Madre de Dios;-12.592482;-69.174551
16;1604;160402;Pebas;Pebas;Embarcadero Pebas;Fluvial;Embarcadero;Regional;Público;General;Multipropósito;Operativo;Público;MUNICIPALIDAD DISTRITAL DE PEBAS;-3.324921;-71.849393
16;1607;160703;Saramiriza;Petroperù - Saramiriza (Estación 5);TP Petroperù - Saramiriza (Estación 5);Fluvial;Terminal Portuario (Embarcadero);Regional;Privado;Hidrocarburos;Especializado;Operativo;Público;PETROPERÚ S.A.;-4.565405;-77.412695
16;1606;160601;Contamana;Contamana;Embarcadero Contamana;Fluvial;Embarcadero;Regional;Público;General;Multipropósito;Operativo;Público;GOBIERNO REGIONAL DE LORETO;-7.354952;-75.004553
21;2101;210101;Puno;Puno;TP Puno;Lacustre;Embarcadero;Regional;Público;General;Multipropósito;Operativo;Público;GOBIERNO REGIONAL DE PUNO;-15.835167;-70.014542
15;1501;150119;Lurín;Unión Andina de Cementos;TP Unión Andina de Cementos;Marítimo;Terminal Portuario (Muelle);Nacional;Privado;Granel sólido;Especializado;Operativo;Privado;UNIÓN ANDINA DE CEMENTOS S.A.A;-12.252882;-76.938825
04;0403;040303;Atico;Ático;TP Muelle Ático;Marítimo;Terminal Portuario;Regional;Privado;Harina de pescado;Especializado;Operativo;Privado;TECNOLOGÍA DE ALIMENTOS S.A.;-16.226537;-73.695821
16;1601;160106;Mazán;Mazán;Embarcadero Mazán;Fluvial;Embarcadero;Regional;Público;General;Multipropósito;Operativo;Público;GOBIERNO REGIONAL DE LORETO;-3.491524;-73.092996
07;0701;070101;Ventanilla;Multiboyas Zeta Gas Andino;TP Multiboyas Zeta Gas Andino;Marítimo;Terminal Portuario (Multiboyas);Nacional;Privado;Gas Licuado de Petroleo (GLP);Especializado;Operativo;Privado;ZETA GAS ANDINO S.A.;-11.988575;-77.159648
04;0407;040701;Mollendo;Multiboyas Mollendo;TP Multiboyas Mollendo;Marítimo;Terminal Portuario (Multiboyas);Nacional;Privado;Hidrocarburos;Especializado;Operativo;Público;PETROPERÚ S.A.;-17.039991;-72.006481
18;1803;180303;Ilo;Southern Perú;TP Southern Perú;Marítimo;Terminal Portuario (Muelle);Nacional;Privado;Multipropósito;Multipropósito;Operativo;Privado;SOUTHERN PERÚ COPPER CORPORATION SUCURSAL DEL PERÚ;-17.65;-71.349974
16;1607;160706;Andoas;Petroperú - Andoas;TP Petroperú - Andoas;Fluvial;Terminal Portuario (Muelle Flotante);Regional;Privado;Hidrocarburos;Especializado;Operativo;Público;PETROPERÚ S.A.;-2.804711;-76.45618
15;1502;150202;Paramonga;Multiboyas Quimpac - Paramonga;TP Multiboyas Quimpac - Paramonga;Marítimo;Terminal Portuario (Multiboyas);Regional;Privado;Químicos;Especializado;Operativo;Privado;QUIMPAC S.A.;-10.676995;-77.834807
07;0701;070106;Ventanilla;Multiboyas Refinería Repsol - La Pampilla;TP Multiboyas Refinería Repsol - La Pampilla;Marítimo;Terminal Portuario (Multiboyas);Nacional;Privado;Hidrocarburos;Especializado;Operativo;Privado;REFINERIA LA PAMPILLA S.A.;-11.917313;-77.16177
99;9999;999999;Arica;Muelle al Servicio del Perú en Arica;TP MAPS Arica;Marítimo;Terminal Portuario (Muelle);Nacional;Público;General;Multipropósito;Operativo;Público;ENAPU S.A.;-18.46543;-70.323806
20;2007;200701;Punta Arenas;Multiboyas Punta Arenas;TP Multiboyas Punta Arenas;Marítimo;Terminal Portuario (Multiboyas);Nacional;Privado;Hidrocarburos;Especializado;Operativo;Público;PETROPERÚ S.A.;-4.583056;-81.318056
14;1401;140104;Eten;Multiboyas Eten;TP Multiboyas Eten;Marítimo;Terminal Portuario (Multiboyas);Regional;Privado;Hidrocarburos;Especializado;Operativo;Privado;TERMINALES DEL PERÚ;-6.966771;-79.861059
13;1301;130109;Salaverry;Multiboyas Salaverry;TP Multiboyas Salaverry;Marítimo;Terminal Portuario (Multiboyas);Nacional;Privado;Hidrocarburos;Especializado;Operativo;Privado;TERMINALES DEL PERÚ;-8.216097;-78.991793
02;0211;021101;Huarmey;Punta Lobitos - Antamina;TP Punta Lobitos - Antamina;Marítimo;Terminal Portuario (Muelle);Regional;Privado;Minerales;Especializado;Operativo;Privado;CIA. MINERA ANTAMINA S.A.;-10.099826;-78.180808
15;1502;150205;Supe;Multiboyas Supe;TP Multiboyas Supe;Marítimo;Terminal Portuario (Multiboyas);Regional;Privado;Hidrocarburos;Especializado;Operativo;Privado;TERMINALES DEL PERÚ;-10.796035;-77.746992
15;1501;150142;Lurín;Multiboyas Conchán;TP Multiboyas Conchán;Marítimo;Terminal Portuario (Multiboyas);Nacional;Privado;Hidrocarburos;Especializado;Operativo;Público;PETROPERÚ S.A.;-12.259776;-76.931205
16;1601;160108;Iquitos;Petroperú - Iquitos;TP Petroperú - Iquitos;Fluvial;Terminal Portuario (Muelle Flotante);Nacional;Privado;Hidrocarburos;Especializado;Operativo;Público;PETROPERÚ S.A.;-3.634;-73.203
20;2008;200801;Bayóvar;Bayóvar (Ex Juan Pablo Quay);TP Puerto de Bayóvar;Marítimo;Terminal Portuario (Muelle);Nacional;Privado;Minerales;Especializado;Operativo;Privado;PUERTO BAYÓVAR S.A.C.;-5.816187;-81.040915
13;1302;130206;Andrés Rázuri;Chicama (Malabrigo);TP Chicama;Marítimo;Terminal Portuario;Regional;Público;General;Multipropósito;Operativo;Público;GOBIERNO REGIONAL DE LA LIBERTAD;-7.689106;-79.442057
11;1105;110501;Pisco;Pluspetrol - Pisco;TP Pluspetrol - Pisco;Marítimo;Terminal Portuario (Muelle Dolphin);Nacional;Privado;Hidrocarburos;Especializado;Operativo;Privado;PLUSPETROL PERU CORPORATION S.A.;-13.768114;-76.265108
11;1105;110501;Pisco;Multiboyas Pisco;TP Multiboyas Pisco;Marítimo;Terminal Portuario (Multiboyas);Nacional;Privado;Hidrocarburos;Especializado;Operativo;Público;PETROPERÚ S.A.;-13.747462;-76.228457
15;1502;150205;Supe;Multiboyas Colpex - Supe;TP Multiboyas Colpex - Supe;Marítimo;Terminal Portuario (Multiboyas);Regional;Privado;Aceite de pescado;Especializado;Operativo;Privado;COLPEX INTERNATIONAL S.A.C.;-10.797864;-77.745623
02;0218;021801;Chimbote;Muelle Siderperú;TP Muelle Siderperú;Marítimo;Terminal Portuario (Muelle);Regional;Privado;Minerales;Especializado;Operativo;Público;SIDERPERU S.A.;-9.077477;-78.610528
07;0701;070101;Ventanilla;Multiboyas Solgas - Ventanilla;TP Multiboyas Solgas - Ventanilla;Marítimo;Terminal Portuario (Multiboyas);Nacional;Privado;Gas Licuado de Petroleo (GLP);Especializado;Operativo;Privado;SOLGAS S.A.;-11.938233;-77.169762
07;0701;070101;Ventanilla;Multiboyas Quimpac - Oquendo;TP Multiboyas Quimpac - Oquendo;Marítimo;Terminal Portuario (Multiboyas);Nacional;Privado;Químicos;Especializado;Operativo;Privado;QUIMPAC S.A.;-11.973016;-77.156383
07;0701;070101;Ventanilla;Multiboyas TRALSA;TP Multiboyas TRALSA;Marítimo;Terminal Portuario (Multiboyas);Nacional;Privado;Químicos;Especializado;Operativo;Privado;TRALSA S.A.;-11.968273;-77.154053
07;0701;070101;Ventanilla;Multiboyas Sudamericana de Fibras;TP Multiboyas Sudamericana de Fibras;Marítimo;Terminal Portuario (Multiboyas);Nacional;Privado;Químicos;Especializado;Operativo;Privado;SUDAMERICANA DE FIBRAS S.A.;-11.981781;-77.156719
18;1803;180301;Ilo;Multiboyas Ilo;TP Multiboyas Ilo;Marítimo;Terminal Portuario (Multiboyas);Nacional;Privado;Hidrocarburos;Especializado;Operativo;Público;PETROPERÚ S.A.;-17.634989;-71.343799
18;1803;180301;Ilo;ENGIE;TP ENGIE;Marítimo;Terminal Portuario (Muelle);Nacional;Privado;Minerales;Especializado;Operativo;Privado;ENGIE ENERGÍA PERÚ S.A.;-17.773364;-71.19049
18;1803;180301;Cata Cata;Multiboyas TLT;TP Multiboyas TLT;Marítimo;Terminal Portuario (Multiboyas);Nacional;Privado;Granel líquido;Especializado;Operativo;Privado;TRABAJOS MARÍTIMOS S.A;-17.67141;-71.367689
07;0701;070101;Callao;Multiboyas Valero Perú S.A.C;TP Multiboyas Valero Perú S.A.C;Marítimo;Terminal Portuario (Multiboyas);Nacional;Privado;Bio Diesel;Especializado;Operativo;Privado;VALERO PERÚ S.A.C.;-11.954117;-77.148318
02;0218;021801;Chimbote;Multiboyas Chimbote;TP Multiboyas Chimbote;Marítimo;Terminal Portuario (Multiboyas);Regional;Privado;Hidrocarburos;Especializado;Operativo;Privado;TERMINALES DEL PERÚ;-9.112037;-78.576418
20;2007;200701;Talara;Refinería Talara;TP Refinería Talara;Marítimo;Terminal Portuario (Muelle);Nacional;Privado;Hidrocarburos;Especializado;Operativo;Público;PETROPERÚ S.A.;-4.574167;-81.282222
21;2101;210101;Puno;FERROVÌAS - PUNO;TP Ferrovias - Puno;Lacustre;Embarcadero;Regional;Público;General;Multipropósito;Operativo;Privado;FERROVÍAS S.A.;-15.831693;-70.016077
24;2402;240201;Zorritos;BPZ Albacora;TP Multiboyas BPZ  Albacora;Marítimo;Terminal Portuario (Multiboyas);Regional;Privado;Hidrocarburos;Especializado;Operativo;Privado;BPZ EXPLORACIÓN & PRODUCCIÓN SRL;-3.576136;-80.709994
20;2008;200805;San Pedro;San Pedro 1;TP Multiboyas San Pedro 1;Marítimo;Terminal Portuario (Multiboyas);Nacional;Privado;Hidrocarburos;Especializado;Operativo;Privado;SAVIA PERÚ S.A.;-5.587167;-81.092833
02;0218;021801;Chimbote;Multiboyas Colpex - Chimbote;TP Multiboyas Colpex - Chimbote;Marítimo;Terminal Portuario (Multiboyas);Regional;Privado;Aceite de pescado;Especializado;Operativo;Privado;COLPEX INTERNATIONAL S.A.C.;-9.120388;-78.579279
02;0218;021801;Chimbote;Multiboyas Blue Pacific Oils - Chimbote;TP Multiboyas Blue Pacific Oils - Chimbote;Marítimo;Terminal Portuario (Multiboyas);Regional;Privado;Aceite de pescado;Especializado;Operativo;Privado;BLUE PACIFIC OILS S.A.;-9.130045;-78.609597
15;1506;150605;Chancay;Multiboyas Blue Pacific Oils - Chancay;TP Multiboyas Blue Pacific Oils - Chancay;Marítimo;Terminal Portuario (Multiboyas);Nacional;Privado;Aceite de pescado;Especializado;Operativo;Privado;BLUE PACIFIC OILS S.A.;-11.576122;-77.278996
07;0701;070101;Callao;Callao (Terminal Multipropósito Muelle Norte );TP Callao (Terminal Multipropósito Muelle Norte );Marítimo;Terminal Portuario (Muelle);Nacional;Público;General, graneles y contenedores;Multipropósito;Operativo;Público (Concesionado);APM TERMINALS CALLAO S.A.;-12.045592;-77.144473
15;1505;150501;Cañete;Perú LNG Melchorita;TP Perú LNG Melchorita;Marítimo;Terminal Portuario (Muelle Dolphin);Nacional;Privado;Gas;Especializado;Operativo;Privado;PERÚ LNG S.R.L.;-13.264478;-76.31331
16;1601;160108;Iquitos;Iquitos;TP Iquitos;Fluvial;Terminal Portuario (Muelle Flotante);Nacional;Público;General;Multipropósito;Operativo;Público;ENAPU S.A.;-3.730455;-73.2386
16;1601;160108;Iquitos;GLP Amazonico;TP GLP Amazónico;Fluvial;Terminal Portuario (Embarcadero);Nacional;Privado;Gas;Especializado;Operativo;Privado;GLP AMAZÓNICO S.A.C.;-3.780009;-73.341136
16;1603;160304;Villa Trompeteros O Maynas o Nauta;Villa Trompeteros;TP Pluspetrol - Villa Trompeteros;Fluvial;Embarcadero;Regional;Privado;Hidrocarburos;Especializado;Operativo;Privado;PLUSPETROL NORTE S.A.;-3.811562;-75.06011
16;1607;160703;Borja;Petroperú - Morona;TP Petroperú - Morona;Fluvial;Terminal Portuario (Embarcadero);Regional;Privado;Hidrocarburos;Especializado;Operativo;Público;PETROPERÚ S.A.;-3.979753;-77.223527
16;1603;160305;San José de Saramuro;Petroperú - San José de Saramuro (Estación 1);TP Petroperú - San José de Saramuro (Estación 1);Fluvial;Terminal Portuario (Embarcadero);Regional;Privado;Hidrocarburos;Especializado;Operativo;Público;PETROPERÚ S.A.;-4.720026;-74.920171
16;1602;160201;Yurimaguas;Yurimaguas;TP Yurimaguas;Fluvial;Terminal Portuario (Muelle Flotante);Nacional;Público;General;Multipropósito;Operativo;Público;ENAPU S.A.;-5.885671;-76.106205
25;2501;250107;Pucallpa;Terranova;TP Terranova;Fluvial;Embarcadero;Regional;Público;General;Especializado;Operativo;Privado;TERRANOVA E.I.R.L;-8.383761;-74.522818
25;2501;250107;Pucallpa;Transtotal Logística Selva;TP Transtotal Logística Selva;Fluvial;Embarcadero;Regional;Público;General;Multipropósito;Operativo;Privado;TRANSTOTAL LOGÍSTICA SELVA S.A.;-8.381209;-74.525551
21;2104;210401;Juli;Juli;TP Juli;Lacustre;Embarcadero;Regional;Público;General;Multipropósito;Operativo;Público;MUNICIPALIDAD PROVINCIAL DE JULI;-16.201641;-69.461195
24;2402;240201;Zorritos;BPZ Corvina;TP Multiboyas BPZ Corvina;Marítimo;Terminal Portuario (Multiboyas);Regional;Privado;Hidrocarburos;Especializado;Operativo;Privado;BPZ EXPLORACIÓN & PRODUCCIÓN SRL;-3.591922;-80.745161
20;2008;200801;Bayóvar;Miski Mayo;TP Miski Mayo;Marítimo;Terminal Portuario (Muelle);Nacional;Privado;Minerales;Especializado;Operativo;Privado;COMPAÑÍA MINERA MISKI MAYO S.R.L.;-5.800997;-81.047936
18;1803;180301;Pacocha;Multiboyas Tablones;TP Multiboyas Tablones;Marítimo;Terminal Portuario (Multiboyas);Nacional;Privado;Hidrocarburos;Especializado;Operativo;Privado;SOUTHERN PERÚ COPPER CORPORATION SUCURSAL DEL PERÚ;-17.502464;-71.363713
18;1803;180301;Pacocha;Tablones;TP Tablones;Marítimo;Terminal Portuario (Muelle);Nacional;Privado;Ácido Sulfúrico;Especializado;Operativo;Privado;SOUTHERN PERÚ COPPER CORPORATION SUCURSAL DEL PERÚ;-17.509486;-71.365908
07;0701;070101;Callao;Callao (Terminal de Embarque de Concentrado de Minerales);TP Callao (Terminal de Embarque de Concentrado de Minerales);Marítimo;Terminal Portuario (Muelle);Nacional;Público;Concentrado de minerales;Especializado;Operativo;Público (Concesionado);TRANSPORTADORA CALLAO S.A.;-12.04175;-77.149347
16;1602;160201;Yurimaguas;Yurimaguas - Nueva Reforma;TP Yurimaguas - Nueva Reforma;Fluvial;Terminal Portuario (Muelle);Nacional;Público;General;Multipropósito;Operativo;Público (Concesionado);CONCESIONARIA PUERTO AMAZONAS S.A.;-5.85013;-76.16205
16;1601;160110;Campo Serio;Campo Serio;Embarcadero Campo Serio;Fluvial;Embarcadero;Regional;Público;General;Multipropósito;Operativo;Público;MUNICIPALIDAD DISTRITAL DE TORRES CAUSANA;-1.795726;-74.70579
16;1601;160107;Santa Clotilde;Santa Clotilde;Embarcadero Santa Clotilde;Fluvial;Embarcadero;Regional;Público;General;Multipropósito;Operativo;Público;MUNICIPALIDAD DISTRITAL DE NAPO;-2.486741;-73.678822
16;1608;160801;El Estrecho;El Estrecho;Embarcadero El Estrecho;Fluvial;Embarcadero;Regional;Público;General;Multipropósito;Operativo;Público;MUNICIPALIDAD DISTRITAL DE PUTUMAYO;-2.447447;-72.671321
16;1608;160803;Nueva Esperanza;Nueva Esperanza;Embarcadero Nueva Esperanza;Fluvial;Embarcadero;Regional;Público;General;Multipropósito;Operativo;Público;MUNICIPALIDAD DISTRITAL DE TENIENTE MANUEL CLAVERO;-0.993465;-74.254408
04;0407;040704;Matarani;Matarani;TP Matarani;Marítimo;Terminal Portuario (Muelle);Nacional;Público;Granel sólido,Fraccionada,Granel líquido,Contenedores,Pasajeros;Multipropósito;Operativo;Público (Concesionado);TERMINAL INTERNACIONAL DEL SUR S.A.;;
20;2007;200703;Negritos;La Brea y Negritos;TP La Brea y Negritos;Marítimo;Multiboyas;Regional;Privado;Granel líquido (Hidrocarburos);Especializado;Operativo (inicio adecuación);Público;PETROPERÚ S.A.;;
15;1508;150801;Huacho;Huacho;TP Huacho;Marítimo;Terminal Portuario;Regional;Público;Cabotaje;Multipropósito;Operativo;Público;ENAPU S.A.;;
20;2008;200801;Bayóvar;Petroperú - Bayóvar;TP Petroperú - Bayóvar;Marítimo;Terminal Portuario (Muelle);Nacional;Privado;Hidrocarburos;Especializado;Operativo (inicio adecuación);Público;PETROPERÚ S.A.;;
07;0701;070101;Callao;Callao (Terminal de Contenedores Muelle Sur);TP Callao (Terminal de Contenedores Muelle Sur);Marítimo;Terminal Portuario (Muelle);Nacional;Público;Contenedores;Especializado;Operativo;Público (Concesionado);DP WORLD CALLAO S.R.L.;;
11;1105;110505;Paracas;General San Martín;TP General San Martín;Marítimo;Terminal Portuario (Muelle);Nacional;Público;Granel sólido,Fracionada Contenedores,Rodante,Pasajeros;Multipropósito;Operativo;Público (Concesionado);TERMINAL PORTUARIO PARACAS S.A.;;
11;1103;110304;San Nicolás;Shougang Hierro Perú;TP Shougang Hierro Perú;Marítimo;Terminal Portuario (Muelle);Nacional;Privado;Granel sólido (Minerales);Especializado;Operativo;Privado;SHOUGANG HIERRO PERÚ S.A.A.;;
16;1605;160501;Requena;Requena;TP Requena;Fluvial;Terminal portuario;Regional;Público;Pasajeros;Especializado;Operativo (sin condiciones);Público;MUNICIPALIDAD PROVINCIAL DE REQUENA;;
16;1602;160201;Yurimaguas;Petroperú - Yurimaguas;TP Petroperú - Yurimaguas;Fluvial;Muelle flotante;Regional;Privado;Granel líquido (Hidrocarburos);Especializado;Operativo;Público;PETROPERÚ S.A.;;
16;1608;160803;Tres Fronteras;Tres Fronteras;Embarcadero Tres Fronteras;Fluvial;Embarcadero;Regional;Público;Fraccionada,Pasajeros;Multipropósito;Operativo;Público;MUNICIPALIDAD DISTRITAL DE TENIENTE MANUEL CLAVERO;;
16;1601;160110;Cabo Pantoja;Cabo Pantoja;TP de Cabo Pantoja;Fluvial;Terminal portuario;Regional;Público;Pasajeros;Especializado;Operativo;Público;GOBIERNO REGIONAL DE LORETO;;
15;1502;150205;Supe Puerto;Supe;TP Supe;Marítimo;Terminal Portuario;Regional;Público;Cabotaje;Multipropósito;Operativo;Público;ENAPU S.A.;;
16;1604;160404;San Pablo;San Pablo;Embarcadero San Pablo;Fluvial;Embarcadero;Regional;Público;Fraccionada,Pasajeros;Multipropósito;Operativo;Público;GOBIERNO REGIONAL DE LORETO;;
20;2005;200501;Paita;Paita;TP Paita;Marítimo;Terminal Portuario (Muelle);Nacional;Público;Contenedores, Granel sólido, Granel líquido y Fraccionada;Multipropósito;Operativo;Público (Concesionado);TP EUROANDINOS PAITA S.A.;;
13;1301;130109;Salaverry;Multipropósito de Salaverry;TP Multipropósito de Salaverry;Marítimo;Terminal Portuario (Muelle);Nacional;Público;Granel sólido Fraccionada,Granel líquido,Pasajeros;Multipropósito;Operativo;Público (Concesionado);SALAVERRY TERMINAL INTERNACIONAL S.A.;;
02;0218;021801;Chimbote;Chimbote;TP Chimbote;Marítimo;Terminal Portuario (Muelle);Nacional;Público;Fraccionada Granel líquido,Granel sólido;Multipropósito;Operativo;Público;GOBIERNO REGIONAL DE ANCASH;;
18;1803;180301;Ilo;Ilo;TP Ilo;Marítimo;Terminal Portuario (Muelle);Nacional;Público;Granel sólido,Fraccionada,Contenedores,Granel líquido;Multipropósito;Operativo;Público;ENAPU S.A.;;
16;1601;160108;Iquitos;Triplay Martín S.A.C.;Embarcadero Triplay Martín S.A.C.;Fluvial;Embarcadero;Regional;Publico;General;Multipropósito;Operativo (inicio adecuación);Privado;TRIPLAY MARTIN S.A.C;;
17;1701;170101;Puerto Maldonado;Puerto Maldonado;TP de Puerto Maldonado;Fluvial;Embarcadero;Regional;Público;Fraccionada,Pasajeros;Especializado;Operativo (sin uso);Público;Gobierno Regional de Madre de Dios;;
16;1604;160402;Pebas;Pebas;Embarcadero Pebas;Fluvial;Embarcadero;Regional;Público;Fraccionada,Pasajeros;Multipropósito;Operativo;Público;MUNICIPALIDAD DISTRITAL DE PEBAS;;
16;1607;160703;Saramiriza;Petroperú - Saramiriza (Estación 5);TP Petroperù - Saramiriza (Estación 5);Fluvial;Embarcadero;Regional;Privado;Granel líquido (Hidrocarburos);Especializado;Operativo;Público;PETROPERÚ S.A.;;
16;1606;160601;Contamana;Contamana;Embarcadero Contamana;Fluvial;Embarcadero;Regional;Público;Fraccionada,Pasajeros;Multipropósito;Operativo;Público;GOBIERNO REGIONAL DE LORETO;;
21;2101;210101;Puno;Puno;TP Puno;Lacustre;Embarcadero;Regional;Público;Multipropósito;Carga fraccionada;Operativo;Público;GOBIERNO REGIONAL DE PUNO;;
15;1501;150119;Lurín;Unión Andina de Cementos;TP Unión Andina de Cementos;Marítimo;Terminal Portuario (Muelle);Nacional;Privado;Granel sólido (cemento);Especializado;Operativo;Privado;UNACEM PERÚ S.A.;;
16;1601;160106;Mazán;Mazán;Embarcadero Mazán;Fluvial;Embarcadero;Regional;Público;Fraccionada,Pasajeros;Multipropósito;Operativo;Público;GOBIERNO REGIONAL DE LORETO;;
07;0701;070101;Oquendo;Multiboyas Zeta Gas Andino;TP Multiboyas Zeta Gas Andino;Marítimo;Multiboyas;Nacional;Privado;Gas Licuado de Petroleo (GLP);Especializado;Operativo (en adecuación);Privado;ZETA GAS ANDINO S.A.;;
04;0407;040701;Mollendo;Multiboyas Mollendo;TP Multiboyas Mollendo;Marítimo;Multiboyas;Nacional;Privado;Granel líquido (Hidrocarburos);Especializado;Operativo;Público;PETROPERÚ S.A.;;
18;1803;180303;Ilo;Southern Perú;TP Southern Perú;Marítimo;Terminal Portuario (Muelle);Nacional;Privado;Granel sólido,Fraccionada,Contenedores,Granel líquido;Multipropósito;Operativo;Privado;SOUTHERN PERÚ COPPER CORPORATION SUCURSAL DEL PERÚ;;
15;1502;150202;Paramonga;Multiboyas Quimpac - Paramonga;TP Multiboyas QUIMPAC - Paramonga;Marítimo;Multiboyas;Regional;Privado;Granel líquido (Químicos);Especializado;Operativo;Privado;QUIMPAC S.A.;;
07;0701;070106;Ventanilla;Refinería La Pampilla S.A.A. (Amarradero Multiboyas 3);TM de Refinería La Pampilla S.A.A. (Amarradero Multiboyas 3);Marítimo;Multiboyas;Nacional;Privado;Granel líquido (Hidrocarburos);Especializado;Operativo;Privado;REFINERIA LA PAMPILLA S.A.;;
99;9999;999999;Arica;Malecón de Atraque al Servicio del Perú en Arica;TP Malecón de Atraque al Servicio del Perú en Arica;Marítimo;Terminal Portuario;Nacional;Público;CONTENEDORES;Multipropósito;Operativo;Público;ENAPU S.A.;;
20;2007;200701;Punta Arenas;Multiboyas Punta Arenas;TP Refineria Talara - Amarradero Multiboyas Punta Arenas;Marítimo;Multiboyas;Nacional;Privado;Granel líquido (Hidrocarburos);Especializado;Operativo;Público;PETROPERÚ S.A.;;
14;1401;140104;Eten;Multiboyas Eten;TP Multiboyas Eten;Marítimo;Multiboyas;Regional;Privado;Granel líquido (Hidrocarburos);Especializado;Operativo;Público;TERMINALES DEL PERÚ;;
13;1301;130109;Salaverry;Multiboyas Salaverry;TP Multiboyas Salaverry;Marítimo;Multiboyas;Regional;Privado;Granel líquido (Hidrocarburos);Especializado;Operativo;Público;TERMINALES DEL PERÚ;;
02;0211;021101;Huarmey;Punta Lobitos - Antamina;TP Punta Lobitos - Antamina;Marítimo;Terminal Portuario (Muelle);Nacional;Privado;Granel sólido (Minerales);Especializado;Operativo;Privado;CIA. MINERA ANTAMINA S.A.;;
15;1502;150205;Supe;Multiboyas Supe;TP Multiboyas Supe;Marítimo;Multiboyas;Regional;Privado;Granel líquido (Hidrocarburos);Especializado;Operativo;Público;TERMINALES DEL PERÚ;;
15;1501;150142;Lurín;Multiboyas Conchán;TP Multiboyas Conchán;Marítimo;Multiboyas;Nacional;Privado;Granel líquido (Hidrocarburos);Especializado;Operativo;Público;PETROPERÚ S.A.;;
16;1601;160108;Iquitos;Petroperú - Iquitos;TP Petroperú - Iquitos;Fluvial;Terminal Portuario (Muelle Flotante);Nacional;Privado;Granel líquido (Hidrocarburos);Especializado;Operativo;Público;PETROPERÚ S.A.;;
20;2008;200801;Bayóvar;Bayóvar;TP Puerto de Bayóvar;Marítimo;Terminal Portuario (Muelle);Nacional;Privado;Granel sólido,Granel líquido;Multipropósito;Operativo (sin uso);Privado;PUERTO BAYÓVAR S.A.C.;;
11;1105;110501;Pisco;Pluspetrol - Pisco;TP Pluspetrol - Pisco;Marítimo;Muelle;Nacional;Privado;Granel líquido (Hidrocarburos);Especializado;Operativo;Privado;PLUSPETROL PERU CORPORATION S.A.;;
11;1105;110501;Pisco;Multiboyas Pisco;TP Multiboyas Pisco;Marítimo;Multiboyas;Regional;Privado;Granel líquido (Hidrocarburos);Especializado;Operativo;Público;PETROPERÚ S.A.;;
15;1502;150205;Supe;Multiboyas Colpex - Supe;TP Multiboyas Colpex - Supe;Marítimo;Multiboyas;Nacional;Privado;Granel líquido (aceite de pescado);Especializado;Operativo (sin uso);Privado;COLPEX INTERNATIONAL S.A.C.;;
02;0218;021801;Chimbote;Muelle Siderperú;TP Muelle SIDERPERÚ;Marítimo;Terminal Portuario (Muelle);Nacional;Privado;Fraccionada,Granel sólido;Multipropósito;Operativo;Privado;SIDERPERU S.A.;;
07;0701;070101;Ventanilla;Multiboyas Solgas - Ventanilla;TP Multiboyas SOLGAS;Marítimo;Multiboyas;Nacional;Privado;Granel líquido (Gas Licuado de Petroleo);Especializado;Operativo;Privado;SOLGAS S.A.;;
07;0701;070101;Oquendo;Multiboyas Quimpac - Oquendo;TP Multiboyas QUIMPAC - Oquendo;Marítimo;Multiboyas;Nacional;Privado;Granel líquido (Químicos);Especializado;Operativo;Privado;QUIMPAC S.A.;;
07;0701;070101;Oquendo;Multiboyas TRALSA;TP Multiboyas TRALSA;Marítimo;Multiboyas;Nacional;Privado;Granel líquido (Químicos);Especializado;Operativo;Privado;TRALSA S.A.;;
07;0701;070101;Oquendo;Multiboyas Sudamericana de Fibras;TP Multiboyas Sudamericana de Fibras;Marítimo;Multiboyas;Nacional;Privado;Granel líquido (Químicos);Especializado;Operativo;Privado;SUDAMERICANA DE FIBRAS S.A.;;
18;1803;180301;Ilo;Multiboyas Ilo;TP Multiboyas Ilo;Marítimo;Multiboyas;Nacional;Privado;Granel líquido (Hidrocarburos);Especializado;Operativo;Público;PETROPERÚ S.A.;;
18;1803;180301;Ilo;ENGIE;TP ENGIE;Marítimo;Terminal Portuario (Muelle);Nacional;Privado;Granel sólido (minerales),Granel líquido;Especializado;Operativo;Privado;ENGIE ENERGÍA PERÚ S.A.;;
18;1803;180301;Cata Cata;Multiboyas TLT;TP Multiboyas TLT;Marítimo;Multiboyas;Nacional;Privado;Granel líquido (Aceites, Etanol);Especializado;Operativo;Privado;TRABAJOS MARÍTIMOS S.A;;
02;0218;021801;Chimbote;Multiboyas Chimbote;TP Multiboyas Chimbote;Marítimo;Multiboyas;Regional;Privado;Granel líquido (Hidrocarburos);Especializado;Operativo;Público;TERMINALES DEL PERÚ;;
20;2007;200701;Talara;Muelle MU1;TP Refineria Talara - Muelle MU1;Marítimo;Terminal Portuario (Muelle);Nacional;Privado;Hidrocarburos;Especializado;Operativo;Público;PETROPERÚ S.A.;;
16;1601;160108;Iquitos;Mario Da Costa Manzur;Embarcadero Mario Da Costa Manzur;Fluvial;Embarcadero;Nacional;Privado;General;Multipropósito;Operativo (sin condiciones);Privado;MARIO CESAR DA COSTA MANZUR E.I.R.L;;
21;2101;210101;Puno;Ferrovias - Puno;TP Ferrovias - Puno;Lacustre;Embarcadero;Regional;Privado;Fraccionada;Multipropósito;Operativo (sin uso);Público;FERROCARRIL TRASANDINO S.A;;
24;2402;240201;Zorritos;BPZ Albacora;TP Multiboyas BPZ  Albacora;Marítimo;Terminal Portuario (Multiboyas);Regional;Privado;Hidrocarburos;Especializado;Operativo (sin uso, inicio adecuación);Privado;BPZ EXPLORACIÓN & PRODUCCIÓN SRL;;
20;2008;200805;San Pedro;San Pedro 1;TP Multiboyas San Pedro 1;Marítimo;Terminal Portuario (Multiboyas);Nacional;Privado;Hidrocarburos;Especializado;Operativo (inicio adecuación);Privado;SAVIA PERÚ S.A.;;
20;2007;200701;Talara;Tortuga;Embarcadero Muelle Tortuga;Marítimo;Embarcadero;Regional;Privado;Fraccionada,Pasajeros;Multipropósito;Operativo (inicio adecuación);Público;PETROPERÚ S.A.;;
02;0218;021801;Chimbote;Multiboyas Colpex - Chimbote;TP Multiboyas Colpex - Chimbote;Marítimo;Multiboyas;Nacional;Privado;Granel líquido (aceite de pescado);Especializado;Operativo;Privado;COLPEX INTERNATIONAL S.A.C.;;
15;1506;150605;Chancay;Multiboyas Blue Pacific Oils - Chancay;TP Multiboyas Blue Pacific Oils - Chancay;Marítimo;Multiboyas;Nacional;Privado;Granel líquido (aceite de pescado);Especializado;Operativo;Privado;BLUE PACIFIC OILS S.A.C.;;
07;0701;070101;Callao;Callao (Terminal Multipropósito Muelle Norte );TP Callao (Terminal Multipropósito Muelle Norte );Marítimo;Terminal Portuario (Muelle);Nacional;Público;Granel sólido,Fracionada Contenedores,Rodante,Pasajeros;Multipropósito;Operativo;Público (Concesionado);APM TERMINALS CALLAO S.A.;;
15;1505;150501;Cañete;Perú LNG Melchorita;TP Perú LNG Melchorita;Marítimo;Muelle;Nacional;Privado;Granel líquido (Gas Natural);Especializado;Operativo;Privado;PERÚ LNG S.R.L.;;
16;1607;160706;Andoas;Pluspetrol - Andoas;TP Pluspetrol - Andoas;Fluvial;Embarcadero;Regional;Privado;Hidrocarburos;Especializado;Operativo (inicio adecuación);Privado;PLUSPETROL NORTE S.A.;;
16;1601;160108;Punchana;Henry - Iquitos;TP Henry - Iquitos;Fluvial;Terminal portuario;Nacional;Público;Contenedores Fraccionada Pasajeros;Multipropósito;Operativo (inicio adecuación);Privado;TRANSPORTES JUPITER  S.R.L.;;
16;1601;160108;Punchana;Silfo Alván del Castillo - Masusa;Embarcadero Silfo Alván del Castillo - Masusa;Fluvial;Embarcadero;Nacional;Público;General;Multipropósito;Operativo (inicio adecuación);Público;MUNICIPALIDAD DISTRITAL DE PUNCHANA;;
16;1601;160108;Punchana;Iquitos;TP Iquitos;Fluvial;Terminal Portuario (Muelle Flotante);Nacional;Público;Carga fraccionada;Multipropósito;Operativo;Público;ENAPU S.A.;;
16;1601;160108;Iquitos;GLP Amazónico;TP GLP Amazónico;Fluvial;Terminal Portuario (Embarcadero);Nacional;Privado;Gas;Especializado;Operativo;Privado;GLP AMAZÓNICO S.A.C.;;
16;1603;160304;Villa Trompeteros, Maynas o Nauta;Pluspetrol - Villa Trompeteros;TP Pluspetrol - Villa Trompeteros;Fluvial;Embarcadero;Regional;Privado;Hidrocarburos;Especializado;Operativo (inicio adecuación);Privado;PLUSPETROL NORTE S.A.;;
16;1607;160703;Borja;Petroperú - Morona;TP Petroperú - Morona;Fluvial;Embarcadero;Regional;Privado;Granel líquido (Hidrocarburos);Especializado;Operativo (sin uso);Público;PETROPERÚ S.A.;;
16;1603;160305;San José de Saramuro;Petroperú - San José de Saramuro (Estación 1);TP Petroperú - San José de Saramuro (Estación 1);Fluvial;Embarcadero;Regional;Privado;Granel líquido (Hidrocarburos);Especializado;Operativo;Público;PETROPERÚ S.A.;;
16;1602;160201;Yurimaguas;Yurimaguas;TP Yurimaguas;Fluvial;Muelle flotante;Regional;Público;Carga fraccionada;Multipropósito;Operativo;Público;ENAPU S.A.;;
16;1606;160601;Contamana;Maple - Contamana;TP Maple - Contamana;Fluvial;Embarcadero;Regional;Privado;Hidrocarburos;Especializado;Operativo (inicio adecuación);Privado;THE MAPLE GAS CORPORATION DEL PERÚ S.R.L;;
25;2501;250107;Pucallpa;Henry - Pucallpa;Embarcadero Henry - Pucallpa;Fluvial;Embarcadero;Regional;Público;General;Multipropósito;Operativo (inicio adecuación);Privado;EMPRESA ASTILLEROS HENRY E.I.R.L.;;
21;2104;210401;Juli;Juli;TP Juli;Lacustre;Embarcadero;Regional;Público;Multipropósito;Carga fraccionada;Operativo (sin uso);Público;MUNICIPALIDAD PROVINCIAL DE JULI;;
24;2402;240201;Zorritos;BPZ Corvina;TP Multiboyas BPZ Corvina;Marítimo;Terminal Portuario (Multiboyas);Regional;Privado;Hidrocarburos;Especializado;Operativo (sin uso, inicio adecuación);Privado;BPZ EXPLORACIÓN & PRODUCCIÓN SRL;;
20;2007;200701;Talara;Mc Donald;Embarcadero Muelle Mc Donald;Marítimo;Embarcadero;Regional;Privado;Fraccionada,Pasajeros;Multipropósito;Operativo (inicio adecuación);Público;PETROPERÚ S.A.;;
20;2007;200701;Talara;Parcela 25;Embarcadero Muelle Parcela 25;Marítimo;Embarcadero;Regional;Privado;General;Multipropósito;Operativo (sin condiciones);Privado;SAVIA PERÚ S.A.;;
20;2008;200801;Bayóvar;Miski Mayo;TP Miski Mayo;Marítimo;Terminal Portuario (Muelle);Nacional;Privado;Granel sólido (Minerales);Especializado;Operativo;Privado;COMPAÑÍA MINERA MISKI MAYO S.R.L.;;
18;1803;180301;Ilo;Tablones - SOUTHERN (Amarradero Multiboyas);TP Tablones - SOUTHERN (Amarradero Multiboyas);Marítimo;Multiboyas;Nacional;Privado;Granel líquido (Hidrocarburos);Especializado;Operativo;Privado;SOUTHERN PERÚ COPPER CORPORATION SUCURSAL DEL PERÚ;;
18;1803;180301;Ilo;Tablones - SOUTHERN (Muelle);TP Tablones - SOUTHERN (Muelle);Marítimo;Terminal Portuario (Muelle);Nacional;Privado;Granel líquido (ácido sulfúrico);Especializado;Operativo;Privado;SOUTHERN PERÚ COPPER CORPORATION SUCURSAL DEL PERÚ;;
07;0701;070101;Callao;Callao (Terminal de Embarque de Concentrado de Minerales);TP Callao (Terminal de Embarque de Concentrado de Minerales);Marítimo;Terminal Portuario (Muelle);Nacional;Público;Granel sólido (Concentrado de minerales);Especializado;Operativo;Público (Concesionado);TRANSPORTADORA CALLAO S.A.;;
16;1602;160201;Yurimaguas;Yurimaguas - Nueva Reforma;TP Yurimaguas - Nueva Reforma;Fluvial;Terminal Portuario (Muelle);Nacional;Público;Fraccionada Contenedores Pasajeros;Multipropósito;Operativo;Público (Concesionado);CONCESIONARIA PUERTO AMAZONAS S.A.;;
16;1607;160706;Andoas;Petroperú - Andoas;TP Petroperú - Andoas;Fluvial;Muelle flotante;Regional;Privado;Granel líquido (Hidrocarburos);Especializado;Operativo;Público;PETROPERÚ S.A.;;
20;2005;200501;Paita;Multiboyas Penta Tanks Terminals;TP Multiboyas Paita - Penta Tanks Terminals;Marítimo;Multiboyas;Nacional;Privado;Granel líquido (Hidrocarburos);Especializado;Operativo;Privado;PENTA TANKS TERMINALS S.A.;;
02;0218;021801;Chimbote;Pesquero Austral - Coishco;Terminal Pesquero Austral Coishco;Marítimo;Terminal Pesquero (Muelle);Nacional;Privado;Especializado;Especializado;Operativo;Privado;AUSTRAL GROUP S.A.A.;;
25;2501;250107;Pucallpa;Logística Peruana del Oriente de Pucallpa;TP Logística Peruana del Oriente de Pucallpa;Fluvial;Terminal Portuario (Muelle);Regional;Público;Contenedores Fraccionada Granel líquido Rodante;Multipropósito;Operativo;Privado;LOGISTICA PERUANA DEL ORIENTE S.A.;;
20;2007;200701;Talara;Muelle Hibrido MU2;TP Refineria Talara - Muelle Híbrido MU2;Marítimo;Terminal Portuario (Muelle);Nacional;Privado;Granel líquido (Hidrocarburos);Especializado;Operativo;Público;PETROPERÚ S.A.;;
07;0701;070101;Callao;Muelle de Capitanes;Embarcadero Muelle de Capitanes;Marítimo;Embarcadero;Regional;Público;Pasajeros;Especializado;Operativo (en adecuación);Público;ESTADO PERUANO;;
11;1103;110304;Acari;Multiboyas Mina Justa;TP Multiboyas Mina Justa;Marítimo;Multiboyas;Nacional;Privado;Granel líquido (ácido sulfúrico);Especializado;Operativo;Privado;MARCOBRE S.A.C;;
16;1604;160403;Islandia;Islandia;Embarcadero Islandia;Fluvial;Embarcadero;Regional;Público;Fraccionada,Pasajeros;Multipropósito;Operativo;Público;MUNICIPALIDAD DISTRITAL DE YARAVI;;
16;1608;160801;Santa Mercedes;Santa Mercedes;Embarcadero Santa Mercedes;Fluvial;Embarcadero;Regional;Público;Fraccionada,Pasajeros;Multipropósito;Operativo;Público;MUNICIPALIDAD DISTRITAL DE PUTUMAYO;;
16;1608;160803;Soplin Vargas;Soplín Vargas;Embarcadero Soplín Vargas;Fluvial;Embarcadero;Regional;Público;Fraccionada,Pasajeros;Multipropósito;Operativo;Público;MUNICIPALIDAD DISTRITAL DE TENIENTE MANUEL CLAVERO;;
16;1608;160803;Nueva Angusilla;Nueva Angusilla;Embarcadero Nueva Angusilla;Fluvial;Embarcadero;Regional;Público;Fraccionada,Pasajeros;Multipropósito;Operativo;Público;MUNICIPALIDAD DISTRITAL DE TENIENTE MANUEL CLAVERO;;
16;1601;160107;Santa Clotilde;Santa Clotilde;Embarcadero Santa Clotilde;Fluvial;Embarcadero;Regional;Público;Fraccionada,Pasajeros;Multipropósito;Operativo;Público;MUNICIPALIDAD DISTRITAL DE NAPO;;
16;1608;160801;El Estrecho;El Estrecho;Embarcadero El Estrecho;Fluvial;Embarcadero;Regional;Público;Fraccionada,Pasajeros;Multipropósito;Operativo;Público;MUNICIPALIDAD DISTRITAL DE PUTUMAYO;;
16;1601;160110;Campo Serio;Campo Serio;Embarcadero Campo Serio;Fluvial;Embarcadero;Regional;Público;Fraccionada,Pasajeros;Multipropósito;Operativo;Público;MUNICIPALIDAD DISTRITAL DE TORRES CAUSANA;;
16;1608;160803;Nueva Esperanza;Nueva Esperanza;Embarcadero Nueva Esperanza;Fluvial;Embarcadero;Regional;Público;Fraccionada,Pasajeros;Multipropósito;Operativo;Público;MUNICIPALIDAD DISTRITAL DE TENIENTE MANUEL CLAVERO;;
16;1602;160201;Yurimaguas;Flor de Café;Embarcadero Flor de Café;Fluvial;Embarcadero;Regional;Público;Material de Acarreo y Construcción;Especializado;Operativo (sin condiciones, inicio adecuación);Privado;INVERSIONES FLOR DE CAFÉ S.A.C.;;
16;1601;160108;Iquitos;Mercado Mayorista Belén;Embarcadero Mercado Mayorista Belén;Fluvial;Embarcadero;Regional;Público;General;Multipropósito;Operativo (inicio adecuación);Público;MINISTERIO DE LA PRODUCCIÓN;;
16;1601;160108;Iquitos;Turístico de Iquitos - El Huequito;Embarcadero Turístico de Iquitos - El Huequito;Fluvial;Embarcadero;Regional;Público;Fraccionada,Pasajeros;Multipropósito;Operativo;Público;GOBIERNO REGIONAL DE LORETO;;
16;1601;160108;Iquitos;"Transporte Fluvial ""JV""";"Embarcadero Transporte Fluvial """"JV""""";Fluvial;Embarcadero;Regional;Publico;General;Multipropósito;Operativo (en adecuación);Privado;"TRANSPORTE FLUVIAL """"JV"""" E.I.R.L";;
16;1601;160108;Punchana;Fluvial Júpiter;TP Transporte Fluvial Júpiter;Fluvial;Terminal portuario;Nacional;Público;Contenedores,Carga rodante;Multipropósito;Operativo (en adecuación);Privado;TRANSPORTES JUPITER  S.R.L.;;
16;1601;160108;Iquitos;Exploraciones Amazónicas;Embarcadero Exploraciones Amazónicas;Fluvial;Embarcadero;Regional;Público;Fraccionada,Pasajeros;Multipropósito;Operativo (inicio adecuación);Privado;EXPLORACIONES AMAZONICAS S.A.;;
16;1601;160108;Iquitos;Trans Linares;Embarcadero Trans Linares;Fluvial;Embarcadero;Regional;Publico;General;Multipropósito;Operativo (en adecuación);Privado;TRANS LINARES S.R.L.;;
16;1601;160108;Iquitos;Morochita;Instalacion Portuaria Morochita;Fluvial;Embarcadero;Regional;Publico;General;Multipropósito;Operativo (en adecuación);Privado;NAVIERA FLUVIAL MOROCHITA S.R.L.;;
16;1601;160108;Iquitos;Servicios y Equipos Amazónicos;Embarcadero Servicios y Equipos Amazónicos;Fluvial;Embarcadero;Regional;Publico;General;Multipropósito;Operativo (en adecuación);Privado;SERVICIOS Y EQUIPOS AMAZÓNICOS S.A.C.;;
25;2501;250107;Pucallpa;Alpi Cargo;Embarcadero Alpi Cargo;Fluvial;Embarcadero;Regional;Publico;General;Multipropósito;Operativo (en adecuación);Privado;ALPI CARGO S.A.C;;
25;2501;250107;Pucallpa;Terranova;TP Terranova;Fluvial;Terminal portuario;Regional;Público;Granel líquido (Hidrocarburos);Especializado;Operativo (sin uso);Privado;TERRANOVA E.I.R.L;;
25;2501;250107;Pucallpa;Logística Selva;TP Transtotal Logística Selva;Fluvial;Embarcadero;Regional;Público;Fraccionada,Granel líquido;Multipropósito;Operativo;Privado;TRANSTOTAL LOGÍSTICA SELVA S.A.;;
20;2005;200501;Paita;Estación Naval de Paita;Establecimiento Pesquero Industrial Estación Naval de Paita;Marítimo;Terminal Pesquero (Muelle);Nacional;Privado;Especializado;Especializado;Operativo;Privado;MARINA DE GUERRA DEL PERÚ;;
02;0218;021807;Casamar;Casamar;Terminal Pesquero Casamar;Marítimo;Terminal Pesquero (Muelle);Nacional;Privado;Especializado;Especializado;Operativo;Privado;CASAMAR S.A.C.;;
04;0407;040701;Mollendo;Multiboyas Monte Azul;TP Multiboyas Monte Azul;Marítimo;Multiboyas;Nacional;Privado;Granel líquido (Hidrocarburos);Especializado;Operativo;Privado;MONTE AZUL LOGÍSTICA S.A.C;;
07;0701;070101;Callao;Multiboyas Valero Perú S.A.C;TP Multiboyas Valero Perú S.A.C;Marítimo;Multiboyas;Nacional;Privado;Granel líquido (Hidrocarburos);Especializado;Operativo;Privado;VALERO PERÚ S.A.C.;;
16;1603;160301;Bretaña;Lote 95 – Bretaña;TP Fluvial Lote 95 – Bretaña;Fluvial;Terminal portuario;Nacional;Privado;Granel líquido (crudo, nafta, diesel), Fraccionada,Pasajeros;Multipropósito;Operativo (en adecuación);Privado;TRIPLAY MARTÚN S.A.C.;;
16;1603;160301;NAUTA;Aqua Expeditions;TP Aqua Expeditions;Fluvial;Embarcadero;Regional;Privado;Pasajeros;Especializado;Operativo (en adecuación);Privado;AQUA EXPEDITIONS S.A.C.;;
15;1506;150605;Chancay;Multipropósito de Chancay;TP Multipropósito de Chancay;Marítimo;Terminal Portuario;Nacional;Público;General;Multipropósito;Operativo;Privado;COSCO SHIPPING Ports Chancay Perú;;
16;1604;160403;Santa Rosa;Santa Rosa;Embarcadero Santa Rosa;Fluvial;Embarcadero;Regional;Público;Pasajeros;Especializado;Operativo;Privado;Consorcio TP Santa Rosa;;
16;1601;160108;Iquitos;COMANA S.A.C;Embarcadero Fluvial COMANA S.A.C;Fluvial;Embarcadero;Regional;Privado;Madera;Especializado;Operativo;Privado;COMPLEJO MADERERO NANAY SAC;;
16;1606;160602;Inahuaya;Inahuaya;Embarcadero Inahuaya;Fluvial;Embarcadero;Regional;Público;Pasajeros;Información no disponible;Operativo;Público;MUNICIPALIDAD DISTRITAL DE INAHUAYA;;
07;0701;070106;Ventanilla;Refinería La Pampilla S.A.A. (Amarradero Multiboyas 1);TM de Refinería La Pampilla S.A.A. (Amarradero Multiboyas 1);Marítimo;Multiboyas;Nacional;Privado;Granel líquido (Hidrocarburos);Especializado;Operativo;Privado;REFINERIA LA PAMPILLA S.A.;;
07;0701;070106;Ventanilla;Refinería La Pampilla S.A.A. (Amarradero Multiboyas 4);TM de Refinería La Pampilla S.A.A. (Amarradero Monoboyas 4);Marítimo;Multiboyas;Nacional;Privado;Granel líquido (Hidrocarburos);Especializado;Operativo;Privado;REFINERIA LA PAMPILLA S.A.;;
07;0701;070106;Ventanilla;Refinería La Pampilla S.A.A. (Amarradero Multiboyas 2);TM de Refinería La Pampilla S.A.A. (Amarradero Multiboyas 2);Marítimo;Multiboyas;Nacional;Privado;Granel líquido (Hidrocarburos);Especializado;Operativo;Privado;REFINERIA LA PAMPILLA S.A.;;
25;2501;250107;Pucallpa;IMSA (Ex Rocha);Embarcadero IMSA (Ex-Rocha);Fluvial;Embarcadero;Regional;Público;Carga fraccionada, pasajeros y carga suelta (madera);Multipropósito;Operativo (inicio adecuación);Privado;EMPRESA INDUSTRIAL MADERERA SERVICIOS ANDINA EIRL. (IMSA);;
25;2501;250107;Pucallpa;Carrillo;Embarcadero Carrillo;Fluvial;Embarcadero;Regional;Público;Carga fraccionada y pasajeros;Multipropósito;Operativo (inicio adecuación);Privado;CESAR SIMON PAREDES ESPINOZA;;
25;2501;250107;Pucallpa;Chiu Hermanos S.R.L (USHICO);Chiu Hermanos S.R.L;Fluvial;Embarcadero;Regional;Público;Carga fraccionada y pasajeros;Multipropósito;Operativo (inicio adecuación);Privado;EVI CHUMBE GUTIERREZ;;
25;2501;250107;Pucallpa;A.N KERO E.I.R.L;A.N KERO E.I.R.L;Fluvial;Embarcadero;Regional;Público;Carga fraccionada;Multipropósito;Operativo (inicio adecuación);Privado;IVAN HERRERA ARTEAGA;;
25;2501;250107;Pucallpa;Arias;Embarcadero Arias;Fluvial;Embarcadero;Regional;Público;Carga fraccionada y pasajeros;Multipropósito;Operativo (inicio adecuación);Privado;WILLIAM RUSELL ARIAS VICUÑA;;
16;1601;160108;Punchana;JESSMARA;TP JESSMARA;Fluvial;Terminal portuario;Regional;Público;Fraccionada (Pasajeros,  Contenedores,  Rodante);Multipropósito;Operativo (inicio adecuación);Privado;AGENCIA DE TRANSPORTE Y SERVICIOS GENERALES JESSMARA E.I.R.L;;
16;1601;160108;Punchana;TRIMASA;TP TRIMASA;Fluvial;Terminal portuario;Regional;Privado;Fraccionada;Especializado;Operativo;Privado;TERMINAL PORTUARIO FLUVIAL HENRY E.I.R.L.;;
25;2501;250107;Pucallpa;León Eleuterio Valverde Loayza;León Eleuterio Valverde Loayza;Fluvial;Embarcadero;Regional;Público;Carga fraccionada y pasajeros;Multipropósito;Operativo (inicio adecuación);Privado;LEÓN ELEUTERIO VALVERDE LOAYZA;;
25;2501;250107;Pucallpa;Representaciones Mishael E.I.R.L.;Representaciones Mishael E.I.R.L.;Fluvial;Embarcadero;Regional;Público;Carga fraccionada;Multipropósito;Operativo (inicio adecuación);Privado;ANTENOR ZAMORA CORDERO;;
25;2501;250107;Pucallpa;Augusto Granda Daza;Augusto Granda Daza;Fluvial;Embarcadero;Regional;Público;Carga fraccionada, pasajeros y carga suelta (madera);Multipropósito;Operativo (inicio adecuación);Privado;AUGUSTO CÉSAR GRANDA DAZA;;
25;2501;250107;Pucallpa;Negociación Maderera Travi Satipo;Negociación Maderera Travi Satipo;Fluvial;Embarcadero;Regional;Público;Carga fraccionada, pasajeros y carga suelta (madera);Multipropósito;Operativo (inicio adecuación);Privado;FERNANDO TRAVI FRECH;;
25;2501;250107;Pucallpa;Maderera Marañón;Maderera Marañón;Fluvial;Embarcadero;Regional;Público;Carga fraccionada (trozas de madera);Especializado;Operativo (inicio adecuación);Privado;MADERERA MARAÑON S.R.LTDA.;;
25;2501;250107;Pucallpa;El  Bambino;El  Bambino;Fluvial;Embarcadero;Regional;Público;Carga fraccionada (trozas de madera);Especializado;Operativo (inicio adecuación);Privado;MARTÍN QUISPE CURILLO;;
16;1603;160301;Nauta;Delfin Amazon Cruises;Delfin Amazon Cruises;Fluvial;Embarcadero;Regional;Privado;Pasajeros;Especializado;Operativo (inicio adecuación);Privado;DELFIN AMAZON CRUISES;;
16;1603;160301;Nauta;Global Romero;Global Romero;Fluvial;Embarcadero;Regional;Público;Carga fraccionada y pasajeros;Multipropósito;Operativo (inicio adecuación);Privado;TRANSPORTES ROMERO;;
16;1601;160108;Iquitos;Eduardo - Iquitos;Terminal Portuario Eduardo - Iquitos;Fluvial;Terminal Portuario;Regional;Público;Carga fraccionada, contenedorizada y pasajeros;Multipropósito;Operativo (inicio adecuación);Privado;TRANSPORTES EDUARDO S.A.C.;;
16;1601;160108;Iquitos;INPOLOR;Embarcadero INPOLOR;Fluvial;Embarcadero;Regional;Público;Carga fraccionada y contenedorizada;Multipropósito;Operativo (inicio adecuación);Privado;INVERSIONES PORTUARIAS DE LORETO;;
16;1601;160108;Iquitos;Petroperú;Petroperú;Fluvial;Embarcadero;Regional;Privado;Pasajeros;Especializado;Operativo (inicio adecuación);Público;PETROLEOS DEL PERU S.A.;;
16;1601;160108;Iquitos;Mercado de Productores;Mercado de Productores;Fluvial;Embarcadero;Regional;Público;Carga fraccionada y pasajeros;Multipropósito;Operativo (inicio adecuación);Público;MUNICIPALIDAD PROVINCIAL DE MAYNAS;;
16;1601;160108;Iquitos;Trans Linares 2;Trans Linares 2;Fluvial;Embarcadero;Regional;Privado;Carga líquida a granel (Hidrocarburos) y carga fraccionada;Multipropósito;Operativo (inicio adecuación);Privado;JAIME LINATES ROJAS;;
16;1601;160108;Iquitos;Morochita 2;Embarcadero Morochita 2;Fluvial;Embarcadero;Regional;Público;Carga fraccionada;Multipropósito;Operativo (inicio adecuación);Privado;NAVIERA FLUVIAL MOROCHITA SRL;;
16;1602;160201;Yurimaguas;Jorge Delgado Peña (La Ramada);Jorge Delgado Peña (La Ramada);Fluvial;Embarcadero;Regional;Público;Carga fraccionada y granel sólido (no metálico -piedra chancada);Multipropósito;Operativo (inicio adecuación);Privado;PAOLO DELGADO LOPEZ;;
16;1602;160201;Yurimaguas;Inversiones NH EIRL;Inversiones NH EIRL;Fluvial;Embarcadero;Regional;Privado;Granel sólido (no metalico - piedra chancada);Especializado;Operativo (inicio adecuación);Privado;HERNANDEZ HERNANDEZ NERY EVELIO;;
16;1602;160201;Yurimaguas;HP (Hector de Paz);HP (Hector de Paz);Fluvial;Embarcadero;Regional;Público;Carga fraccionada y granel sólido (no metálico -piedra chancada);Multipropósito;Operativo (inicio adecuación);Privado;DE PAZ CASTRO HECTOR ALEJANDRO;;
16;1602;160201;Yurimaguas;MARBLU SAC (La Charapita);MARBLU SAC (La Charapita);Fluvial;Embarcadero;Regional;Privado;Pasajeros;Especializado;Operativo (inicio adecuación);Privado;CARLOS MAGNO PILLACA;;
16;1603;160301;Nauta;Transportes Miguel;Transportes Miguel;Fluvial;Embarcadero;Regional;Público;Pasajeros;Multipropósito;Operativo (en adecuación);Privado;MILLER APAGUEÑO;;
16;1603;160301;Nauta;Nauta Port;Embarcadero Nauta Port;Fluvial;Embarcadero;Regional;Público;Pasajeros;Multipropósito;Operativo (en adecuación);Privado;TRANSPORTES MIGUEL SRL;;
16;1601;160108;Iquitos;Valverde;Embarcadero Valverde;Fluvial;Embarcadero;Regional;Público;Carga fraccionada;Multipropósito;Operativo (en adecuación);Privado;LEON VALVERDE;;
16;1603;160301;Nauta;Eduardo - Nauta;TP Eduardo - Nauta;Fluvial;Terminal portuario;Regional;Privado;Pasajeros;Especializado;Operativo (en adecuación);Privado;TRANSPORTES EDUARDO S.A.C.;;
16;1602;160201;Yurimaguas;TP Eduardo - Yurimaguas;TP Eduardo - Yurimaguas;Fluvial;Terminal portuario;Regional;Privado;Pasajeros;Especializado;Operativo (en adecuación);Privado;TRANSPORTES EDUARDO S.A.C.;;
